id,grade,unit,unit_label,question,choice1,choice2,choice3,choice4,answer
1,1,physics,物理,光がまっすぐ進む性質を何というか。,光の反射,光の屈折,光の直進,全反射,3
2,1,physics,物理,鏡で光がはね返る現象を何というか。,光の直進,光源,光の反射,光の屈折,3
3,1,physics,物理,光が水やガラスなど異なる物質に入るときに起こる現象は何か。,散乱,屈折,吸収,反発,2
4,1,physics,物理,光が空気から水中に入ると、屈折角は入射角よりどうなるか。,大きくなる,小さくなる,同じになる,消える,2
5,1,physics,物理,水中から空気に光が進むとき、屈折角は入射角よりどうなるか。,小さくなる,同じになる,大きくなる,変わらない,3
6,1,physics,物理,光がある角度以上で全て反射される現象は何か。,散乱,分散,全反射,虹,3
7,1,physics,物理,白い紙が白く見えるのはなぜか。,全ての色の光を反射するから,赤い光を吸収するから,白色光を分散するから,光を遮るから,1
8,1,physics,物理,光が空気中からガラスに垂直に入るとどうなるか。,反射する,屈折する,曲がらずに進む,消える,3
9,1,physics,物理,プリズムに白色光を通すと起こる現象は何か。,吸収,分解,分散,反射,3
10,1,physics,物理,光がガラスから空気に進むとき、入射角がある角度より大きいとどうなるか。,まっすぐ進む,全反射する,吸収される,分散する,2
11,1,physics,物理,鏡に当たった光が反射するとき、等しくなる角度は何か。,入射角と屈折角,入射角と反射角,屈折角と反射角,光の強さ,2
12,1,physics,物理,鏡に映った像の大きさは実物と比べてどうか。,小さく見える,大きく見える,等しい,見えない,3
13,1,physics,物理,鏡に映った像の向きの特徴として正しいものはどれか。,上下左右が逆に見える,上下だけが逆に見える,左右だけが逆に見える,同じ向きに見える,1
14,1,physics,物理,光の反射の法則とはどのような関係か。,入射角＝屈折角,入射角＝反射角,反射角＝屈折角,どれでもない,2
15,1,physics,物理,凹凸のある面で光が様々な方向に反射することを何というか。,乱反射,全反射,吸収,直進,1
16,1,physics,物理,鏡に映る像はどのような像か。,実像,虚像,影,光像,2
17,1,physics,物理,虚像の説明として正しいものはどれか。,実際に光が集まってできる像,スクリーンに映せる像,実際には光が集まっていないが見える像,光が反射しない像,3
18,1,physics,物理,虫めがねで近くのものを観察したときに見える像はどれか。,上下が逆に見える実像,左右が逆に見える像,大きく見える虚像,映らない,3
19,1,physics,物理,凸レンズを通してスクリーンに映る像はどのような特徴があるか。,虚像でそのままの向きに見える,実像で上下左右が逆に見える,虚像で上下が逆に見える,スクリーンには映らない,2
20,1,physics,物理,全反射が起こるのはどのようなときか。,入射角が0度のとき,空気中から水中へ進むとき,屈折角が入射角より大きいとき,入射角が臨界角より大きいとき,4
21,1,physics,物理,光ファイバーが光を曲げながら進める理由は？,光を反射するから,全反射を繰り返すから,光が屈折するから,ファイバーが透明だから,2
22,1,physics,物理,鏡で全身が映るために必要な鏡の長さは？（身長の何倍か）,1倍,2倍,1/2倍,1/4倍,3
23,1,physics,物理,白色光に含まれる色として正しくないものは？,赤,緑,黒,青,3
24,1,physics,物理,プリズムを通して白色光が分かれる現象を何というか。,干渉,分散,散乱,反射,2
25,1,physics,物理,プリズムで最も大きく曲がる光の色はどれか。,赤,黄,青,紫,4
26,1,physics,物理,身長が160cmの人が、全身を映すために最低限必要な鏡の長さはどれか。,160cm,120cm,80cm,40cm,3
27,1,physics,物理,鏡に全身が映る条件として正しいものはどれか。,鏡の長さは身長の1/4以上,鏡の長さは身長の1/2以上,鏡の長さは身長と同じ,鏡の長さは身長の2倍必要,2
28,1,physics,物理,鏡と自分との距離が変わるとき、全身を映すために必要な鏡の長さはどうなるか。,離れるほど長く必要になる,近づくほど長く必要になる,距離によらず変わらない,鏡は不要になる,3
29,1,physics,物理,次のうち、全反射の性質を利用しているものはどれか。,双眼鏡,光ファイバー,デジタル時計,凸レンズ,2
30,1,physics,物理,中央がふくらんだレンズを何というか。,凹レンズ,凸レンズ,平面鏡,放物鏡,2
31,1,physics,物理,凸レンズの中心を通る光の進み方は？,反射する,屈折して曲がる,まっすぐ進む,吸収される,3
32,1,physics,物理,凸レンズに平行に入った光はどうなるか？,まっすぐ進む,レンズの中心に進む,焦点を通る,反射する,3
33,1,physics,物理,焦点とはどのような点か？,光が反射する点,光が分散する点,平行光線が集まる点,実像ができる点,3
34,1,physics,物理,凸レンズでできた像がスクリーンに映るとき、その像の名称は？,虚像,実像,影像,映像,2
35,1,physics,物理,実像はどのような性質を持つか？,スクリーンに映らない,実際に光が集まってできる,向きは変わらない,光が反射してできる,2
36,1,physics,物理,虚像の説明として正しいものはどれか？,スクリーンに映る像,実際には存在しない像,光が集まってできる像,焦点より外側にできる像,2
37,1,physics,物理,虚像はどのようなときにできるか？,物体が焦点距離より外側にあるとき,物体が焦点距離より内側にあるとき,物体が焦点距離の2倍の位置にあるとき,物体がレンズの中心にあるとき,2
38,1,physics,物理,虚像の向きの特徴は？,上下左右が逆に見える,上下が逆に見える,左右が逆に見える,上下左右が同じ向きに見える,4
39,1,physics,物理,実像の向きの特徴は？,上下左右が逆に見える,上下が逆に見える,左右が逆に見える,同じ向きに見える,1
40,1,physics,物理,物体が焦点距離の2倍より外側にあるとき、できる像は？,大きく、上下左右が同じ向きに見える像,小さく、上下左右が逆に見える像,同じ大きさで同じ向きの像,像はできない,2
41,1,physics,物理,物体が焦点距離の2倍の位置にあるとき、できる像の大きさは？,物体より小さい,物体と同じ,物体より大きい,像はできない,2
42,1,physics,物理,物体が焦点と焦点距離の2倍の位置の間にあるとき、像の大きさは？,小さい,同じ,大きい,映らない,3
43,1,physics,物理,物体が焦点の位置にあるとき、像はどうなる？,実像ができる,虚像ができる,像はできない,反射する,3
44,1,physics,物理,物体が焦点距離より内側にあるとき、できる像は？,実像,虚像,影,像はできない,2
45,1,physics,物理,虚像の大きさの特徴は？,物体と同じか小さい,物体より小さい,物体より大きい,映らない,3
46,1,physics,物理,実像ができる位置は？,焦点より内側,焦点の位置,焦点より外側,焦点とレンズの間,3
47,1,physics,物理,凸レンズを通る光の進み方で正しいものは？,中心を通る光は曲がる,平行な光は焦点を通る,焦点を通る光は散乱する,焦点を通る光は止まる,2
48,1,physics,物理,凸レンズの厚みが厚いほど、焦点距離はどうなる？,長くなる,短くなる,変わらない,焦点がなくなる,2
49,1,physics,物理,焦点距離が短い凸レンズの特徴は？,よく光を集める,よく光を反射する,よく光を通さない,画像が乱れる,1
50,1,physics,物理,実像の大きさが物体と同じになるのはどの位置？,焦点よりも内側,焦点の位置,焦点距離の2倍の位置,焦点距離の2倍より遠い位置,3
51,1,physics,物理,実像の向きが上下左右逆になるのはどれか？,すべての実像,虚像のみ,焦点距離より内側でできる像,焦点距離の位置でできる像,1
52,1,physics,物理,凸レンズを使った代表的な道具はどれか？,カメラ,メガネ,モーター,方位磁針,1
53,1,physics,物理,凸レンズを使い、スクリーン上に実像を得るためには物体をどこに置けばよいか？,焦点より外側,焦点より内側,焦点のちょうど上,どこに置いても得られる,1
54,1,physics,物理,虚像を見ることができる装置は？,スクリーン,鏡,虫めがね,ピンホールカメラ,3
55,1,physics,物理,焦点距離が10cmの凸レンズで、物体をレンズから20cmの位置に置いた。できる像の位置はレンズから何cmか？,20cm（物体と同じ側）,30cm（物体と同じ側）,20cm（物体と反対側）,10cm（物体と反対側）,3
56,1,physics,物理,焦点距離が12cmの凸レンズで、物体を24cmの位置に置いたとき、できた像の特徴として正しいものは？,物体と同じ大きさの実像,大きく上下左右が逆に見える虚像,小さく上下左右が逆に見える実像,映らない,1
57,1,physics,物理,物体をレンズから24cmの位置に置いたとき、物体と像の距離が同じになった。このときの焦点距離は？,6cm,12cm,24cm,48cm,2
58,1,physics,物理,物体をレンズから60cmの位置に置いたとき、像が物体よりも小さく見えた。このとき考えられる焦点距離として最も適切なのはどれか？,20cm,30cm,40cm,50cm,1
59,1,physics,物理,音はどのようにして発生するか？,電流が流れる,光が当たる,物体が振動する,温度が上がる,3
60,1,physics,物理,音が伝わるとき、実際に空気の粒が移動するか？,移動する,少しだけ移動する,移動しない,音の種類による,3
61,1,physics,物理,音はどのように空気中を伝わるか？,電気として,波として,熱として,光として,2
62,1,physics,物理,真空中で音が伝わらないのはなぜか？,空気が冷たいから,振動が速すぎるから,空気分子がないから,音が弱いから,3
63,1,physics,物理,次の物質の中で、音が最も速く伝わるのはどれか？,空気,水,木材,鉄,4
64,1,physics,物理,空気中での音の速さは約何m/sか？,約150m/s,約340m/s,約1000m/s,約5950m/s,2
65,1,physics,物理,水中での音の速さは空気中よりどうか？,遅い,同じ,少しだけ速い,速い,4
66,1,physics,物理,音を伝えることができないものはどれか？,空気,水,鉄,真空,4
67,1,physics,物理,振幅が大きいと、音はどう聞こえるか？,小さくなる,高くなる,低くなる,大きくなる,4
68,1,physics,物理,振動数が多い音はどのように聞こえるか？,高い音,小さい音,低い音,音が消える,1
69,1,physics,物理,振幅とは何を表すか？,音の長さ,音の大きさ,音の高さ,音の種類,2
70,1,physics,物理,振動数の単位として正しいものはどれか？,W（ワット）,dB（デシベル）,Hz（ヘルツ）,m（メートル）,3
71,1,physics,物理,大きな音とはどんな波か？,波の高さが小さい,波の高さが大きい,波の幅が狭い,波の間隔が広い,2
72,1,physics,物理,高い音とはどんな波か？,波の高さが高い,波の間隔が短い,波の間隔が長い,波がゆっくり動く,2
73,1,physics,物理,人に聞こえないほど高い音を何というか？,超低音,赤外音,超音波,無音波,3
74,1,physics,物理,弦を強くはじくとどうなるか？,音が高くなる,音が低くなる,音が大きくなる,音が聞こえない,3
75,1,physics,物理,弦の長さが短いほど音はどうなるか？,高くなる,低くなる,小さくなる,大きくなる,1
76,1,physics,物理,弦が細いほど音はどうなるか？,低くなる,高くなる,小さくなる,聞こえない,2
77,1,physics,物理,弦を強く張ると音はどうなるか？,小さくなる,高くなる,低くなる,弱くなる,2
78,1,physics,物理,音の大きさと関係があるのはどれか？,振幅,振動数,周期,波長,1
79,1,physics,物理,音の高さと関係があるのはどれか？,振幅,振動数,音速,速さ,2
80,1,physics,物理,同じ太さの弦で音を高くしたいとき、どうするか？,弦を長くする,弦を短くする,ゆるく張る,ゆっくり振動させる,2
81,1,physics,物理,音の速さを計算する式はどれか？,時間 ÷ 距離,距離 ÷ 時間,振幅 × 振動数,高さ × 音の大きさ,2
82,1,physics,物理,雷の光が見えてから3秒後に音が聞こえた。雷までの距離は約何m？（音速340m/s）,約340m,約680m,約1020m,約2040m,3
83,1,physics,物理,崖に向かって大声を出したところ、2秒後に声が返ってきた。崖までの距離は約何mか？（音速340m/s）,約170m,約340m,約510m,約680m,1
84,1,physics,物理,鉄の中での音の速さはどれくらいか？,約1500m/s,約340m/s,約2000m/s,約5950m/s,4
85,1,physics,物理,ギターや音叉などで、他のものに音がうつって大きくなる現象を何というか？,拡散,反響,共鳴,振幅,3
86,1,physics,物理,人が聞くことができる音の高さ（可聴音）の振動数の範囲として正しいものはどれか？,約1～100Hz,約20～20000Hz,約100～50000Hz,約200～1000Hz,2
87,1,physics,物理,振動数が20000Hzをこえる、人には聞こえない高い音を何というか？,低周波,可聴音,超音波,超低音,3
88,1,physics,物理,水中での音の速さとして最も適切なものはどれか？,約340m/s,約800m/s,約1500m/s,約5950m/s,3
89,1,physics,物理,超音波とされるのは、振動数が何Hz以上の音か？,約1000Hz以上,約10000Hz以上,約20000Hz以上,約50000Hz以上,3
90,1,physics,物理,次のうち、「力のはたらき」として正しく ない ものはどれか？,物体の形を変える,物体を支える,物体の速さを変える,物体の色を変える,4
91,1,physics,物理,力の単位として正しいものはどれか？,kg,cm,N,W,3
92,1,physics,物理,1Nは約何gのおもりの重さに等しいか？,約1g,約10g,約100g,約1000g,3
93,1,physics,物理,地球が物体を中心に向かって引く力を何というか？,磁力,摩擦力,重力,垂直抗力,3
94,1,physics,物理,ばねを引っ張ったときに元に戻ろうとする力を何というか？,弾性力,摩擦力,重力,引力,1
95,1,physics,物理,接している面が物体を支える力を何というか？,引力,弾性力,重力,垂直抗力,4
96,1,physics,物理,摩擦力の説明として正しいものはどれか？,離れている物体間にはたらく,動きを助ける方向にはたらく,接して動く物体の動きを妨げる向きにはたらく,光を反射する,3
97,1,physics,物理,フックの法則ではたらく関係はどれか？,力の大きさは伸びに比例しない,力の大きさはばねの伸びに比例する,力が大きいとばねは短くなる,力に関係なく一定に伸びる,2
98,1,physics,物理,ばねの伸びが2倍になるのはどんなときか？,おもりの数が減ったとき,おもりを2倍にしたとき,弾性力がなくなったとき,垂直抗力がはたらかなくなったとき,2
99,1,physics,物理,力の3要素にふくまれないものはどれか？,大きさ,向き,作用点,時間,4
100,1,physics,物理,力を矢印で表すとき、矢印の向きは何を表すか？,作用点,力の向き,力の大きさ,力の種類,2
101,1,physics,物理,力の矢印で、矢印の長さは何を表すか？,力の大きさ,力の速さ,力の強さ,力の距離,1
102,1,physics,物理,力の矢印で、矢印のはじまりの点は何を表すか？,力の種類,方向,作用点,結果,3
103,1,physics,物理,重さは場所によってどうなるか？,変わらない,変わる,月では変わらない,どこでも同じ,2
104,1,physics,物理,質量は場所が変わるとどうなるか？,大きくなる,小さくなる,変わらない,重くなる,3
105,1,physics,物理,月で重さが約1/6になるのに対し、質量はどうなるか？,約1/6になる,約2倍になる,地球より重くなる,変わらない,4
106,1,physics,物理,つり合う2力の大きさの関係として正しいものは？,どちらも0になる,一方が大きい,等しい,関係ない,3
107,1,physics,物理,つり合う2力の向きの関係は？,同じ方向,反対の方向,どちらでもよい,同じ線上ではない,2
108,1,physics,物理,つり合う2力はどのような直線上にあるか？,平行線上,同一直線上,垂直に交わる,交わらない,2
109,1,physics,物理,天井からおもりをつるしたとき、つり合っている力の組み合わせは？,おもりと磁力,重力とばねばかり,重力と張力,弾性力と摩擦力,3
110,1,physics,物理,机の上に物体を置いたとき、物体にはたらくつり合いの力の組み合わせは？,重力と摩擦力,垂直抗力と重力,弾性力と重力,重力と磁力,2
111,1,physics,物理,物体に2つの力がはたらいて動かないとき、その2力の関係は？,力が打ち消し合っている,どちらかが消える,合力が大きい,反発している,1
112,1,physics,物理,天井からおもりを糸でつるしたとき、つり合っている力の組み合わせは？,おもりにはたらく重力と糸の張力,おもりにはたらく重力と糸の弾性力,おもりにはたらく重力と垂直抗力,糸の張力とおもりにはたらく垂直抗力,1
113,1,physics,物理,机の上に物体を置いたとき、物体にはたらくつり合いの力の組み合わせは？,物体にはたらく重力と摩擦力,物体にはたらく垂直抗力と重力,物体にはたらく摩擦力と机の弾性力,物体にはたらく重力と机の張力,2
114,1,physics,物理,1個のおもりでばねが2cmのびた。ばねを6cmのばすには、おもりを何個つるせばよいか？,1個,2個,3個,6個,3
115,1,physics,物理,2個のおもりでばねが4cmのびた。同じばねに3個のおもりをつるすと、ばねののびは何cmになるか？,5cm,6cm,8cm,9cm,2
116,1,physics,物理,Aのばねはおもり2個で4cmのびた。Bのばねはおもり2個で2cmしかのびなかった。どちらのばねに大きな力がはたらいているか？,Aのばね,Bのばね,どちらも同じ,比べられない,3
117,1,physics,物理,Aのばねにはおもり2個をつるし、Bのばねにはおもり1個をつるした。Aのばねは3cm、Bのばねは5cmのびた。このとき、どちらのばねにはたらく力が大きいか？,Aのばね,Bのばね,どちらも同じ,わからない,1
118,1,physics,物理,ばねののびと力の大きさの関係を表すグラフとして正しいものはどれか？（ばねののびが力に比例する）,原点を通る右上がりの直線,原点を通る右下がりの直線,原点を通らない曲線,横に平らな直線,1
119,1,chemistry,化学,ガスバーナーを使う前に最初に確認すべきことはどれか？,空気調節ねじが開いていること,ガス元栓が閉まっていること,コックを開く,ガス調節ねじが開いていること,2
120,1,chemistry,化学,ガスバーナーの炎が安定するのはどんなときか？,空気が全く入らない,空気を少し入れる,空気を全開にする,空気を途中で止める,2
121,1,chemistry,化学,右利きの人が上皿てんびんで物体の質量を測るとき、分銅を置く場所はどこか？,左の皿,右の皿,指針の上,おもりの上,2
122,1,chemistry,化学,電子てんびんで重さを量るとき、最初にするべき操作はどれか？,皿をはずす,表示をゼロにする,分銅を乗せる,目盛りを読む,2
123,1,chemistry,化学,メスシリンダーの目盛りの読み方で正しいのはどれか？,上から見る,横から見る,下から見る,目の高さを液面に合わせる,4
124,1,chemistry,化学,物の形や大きさに注目したとき、それを何というか？,物質,成分,物体,材料,3
125,1,chemistry,化学,「鉄」「銅」「アルミニウム」などをまとめた言い方はどれか？,非金属,合金,鉱物,金属,4
126,1,chemistry,化学,金属の性質としてあてはまらないものはどれか？,電気を通す,磁石につく,光沢がある,たたいて広がる,2
127,1,chemistry,化学,非金属の例として正しいものはどれか？,銅,鉄,ガラス,アルミニウム,3
128,1,chemistry,化学,密度の計算に使う式はどれか？,質量 ÷ 体積,質量 × 体積,体積 ÷ 質量,重さ÷ 体積,1
129,1,chemistry,化学,密度の単位として正しいものはどれか？,g,cm³/g,g/cm³,N/cm³,3
130,1,chemistry,化学,密度が物質ごとに決まっていることでできることは？,発光できる,電気を通す,区別できる,密封できる,3
131,1,chemistry,化学,水に鉄の玉を入れたところ沈んだ。このとき正しいことは？,水より鉄の玉の方が、密度が小さい,水より鉄の玉の方が、密度が大きい,水と鉄の玉の密度が同じ,水が軽くなった,2
132,1,chemistry,化学,密度が水より小さい物体を水に入れるとどうなるか？,沈む,溶ける,浮く,途中まで沈む,3
133,1,chemistry,化学,有機物とは何をふくむ物質か？,水素,酸素,二酸化炭素,炭素,4
134,1,chemistry,化学,無機物の例として正しいものはどれか？,紙,木,ガラス,プラスチック,3
135,1,chemistry,化学,有機物を燃やすと出る気体はどれか？,酸素,窒素,二酸化炭素,水素,3
136,1,chemistry,化学,有機物を燃やすとビンの内側につくものは？,水滴,塩酸,炭素,酢酸,1
137,1,chemistry,化学,密度の単位として正しいものはどれか？,m/s,J/cm³,g/L,N/m,3
138,1,chemistry,化学,質量を変えず、体積を小さくした物質の密度はどうなるか？,小さくなる,大きくなる,変わらない,計算できない,2
139,1,chemistry,化学,密度を求めるとき、体積は何で測るか？,温度計,メスシリンダー,上皿てんびん,はかり,2
140,1,chemistry,化学,鉄の密度の計算に使われた方法はどれか？,圧力計測,電流測定,水の体積の増加を見る,鉄の長さを測る,3
141,1,chemistry,化学,鉄の塊の体積を調べるために使う道具は？,体温計,電子てんびん,ビーカー,メスシリンダー,4
142,1,chemistry,化学,金属に多く見られる性質でないものはどれか？,展性,電気伝導性,磁性,延性,3
143,1,chemistry,化学,プラスチック、鉄、ガラスなど、物の材料に注目したとき、それらは何と呼ばれるか？,物体,成分,物質,部品,3
144,1,chemistry,化学,上皿てんびんで薬品の質量をはかるとき、薬品を直接皿にのせずに使うものはどれか？,ティッシュペーパー,薬品用の小皿,リトマス紙,薬包紙,4
145,1,chemistry,化学,上皿てんびんの指針が左右に等しく振れたとき、何を判断することができるか？,物体が重すぎる,まだつりあっていない,てんびんが故障している,つりあっている,4
146,1,chemistry,化学,質量が40g、体積が20cm³の物体の密度はどれか？,0.5g/cm³,2.0g/cm³,20g/cm³,60g/cm³,2
147,1,chemistry,化学,液体の密度が1.2g/cm³、物体の密度が1.8g/cm³である。この物体をその液体に入れるとどうなるか？,沈む,溶ける,浮く,途中まで沈む,1
148,1,chemistry,化学,密度が1.5g/cm³の物質が30cm³あるとき、この物質の質量は何gか？,20g,30g,45g,60g,3
149,1,chemistry,化学,質量が60g、密度が2.0g/cm³の物質の体積は何cm³か？,120cm³,30cm³,20cm³,15cm³,2
150,1,chemistry,化学,メスシリンダーの目盛りの間を読み取るとき、目分量として読み取る最小目盛りは？,1分の1,10分の1,100分の1,1000分の1,2
151,1,chemistry,化学,有機物の例として正しいものはどれか？,炭素,二酸化炭素,食塩,砂糖,4
152,1,chemistry,化学,水に溶けにくく、空気より密度が大きい気体の集め方はどれか？,上方置換法,水上置換法,下方置換法,吸引法,3
153,1,chemistry,化学,空気に最も多く含まれる気体はどれか？,酸素,二酸化炭素,窒素,水素,3
154,1,chemistry,化学,酸素の集め方として適切なものはどれか？,上方置換法,下方置換法,水上置換法,吸引法,3
155,1,chemistry,化学,二酸化マンガンとオキシドールを混ぜると発生する気体はどれか？,二酸化炭素,酸素,窒素,アンモニア,2
156,1,chemistry,化学,石灰石にうすい塩酸を加えて発生する気体はどれか？,二酸化炭素,酸素,水素,窒素,1
157,1,chemistry,化学,酸素の性質として正しいものはどれか？,水に非常に溶けやすい,火のついた線香を近づけると消える,燃えやすく助燃性がある,空気より密度が小さい,3
158,1,chemistry,化学,二酸化炭素の性質として正しいものはどれか？,酸性を示す,助燃性がある,水に非常に溶ける,無色有臭,1
159,1,chemistry,化学,気体の性質を調べるときに使う液体で、酸性を示すと黄色になるものはどれか？,石灰水,BTB溶液,アンモニア水,フェノールフタレイン溶液,2
160,1,chemistry,化学,水上置換法が適している気体の特徴はどれか？,水に溶けやすい,密度が重い,水に溶けにくい,密度が軽い,3
161,1,chemistry,化学,酸素の発生に使う試薬の組み合わせとして正しいものはどれか？,石灰石とうすい塩酸,アンモニア水と水酸化ナトリウム,過酸化水素水と二酸化マンガン,塩酸と亜鉛,3
162,1,chemistry,化学,水に最もよく溶ける気体はどれか？,水素,アンモニア,酸素,窒素,2
163,1,chemistry,化学,アンモニアの性質として正しいものはどれか？,密度が大きい,水に溶けにくい,刺激臭がある,中性を示す,3
164,1,chemistry,化学,水素の集め方として適切なものはどれか？,上方置換法,下方置換法,水上置換法,ろ過,3
165,1,chemistry,化学,水素の性質で正しいものはどれか？,水に溶けやすく重い,密度が大きく沈む,燃えるとき音を立てる,無色有臭,3
166,1,chemistry,化学,アンモニアの集め方として適切なものはどれか？,下方置換法,水上置換法,上方置換法,ろ過,3
167,1,chemistry,化学,石灰水を白くにごらせる気体はどれか？,酸素,アンモニア,窒素,二酸化炭素,4
168,1,chemistry,化学,水素の発生方法として正しいものはどれか？,石灰石にうすい塩酸を加える,亜鉛にうすい塩酸を加える,水酸化ナトリウムにアンモニア水を加える,BTB溶液を加える,2
169,1,chemistry,化学,アンモニアは水に溶けるとどんな性質を示すか？,酸性,中性,アルカリ性,塩基性ではない,3
170,1,chemistry,化学,酸素は何性を示すか？,中性,酸性,アルカリ性,強塩基性,1
171,1,chemistry,化学,水素は空気よりも密度がどうか？,大きい,小さい,同じ,比較できない,2
172,1,chemistry,化学,二酸化炭素を発生させる薬品の組み合わせはどれか？,過酸化水素水と二酸化マンガン,石灰石とうすい塩酸,アンモニア水と水酸化ナトリウム,亜鉛とうすい塩酸,2
173,1,chemistry,化学,水素の確認方法として正しいものはどれか？,火を近づけると線香が消える,火を近づけると音を立てて燃える,石灰水を白くにごらせる,BTB溶液が黄色になる,2
174,1,chemistry,化学,気体の集め方で、密度が空気より小さいときに使う方法はどれか？,水上置換法,下方置換法,上方置換法,濾過法,3
175,1,chemistry,化学,アンモニア水にリトマス紙をつけるとどうなるか？,赤色になる,青色になる,無色になる,変化しない,2
176,1,chemistry,化学,空気に含まれる気体で、助燃性をもつのはどれか？,酸素,窒素,二酸化炭素,水素,1
177,1,chemistry,化学,水上置換法を使って気体を集めるメリットとして正しいものはどれか？,色がついた気体がよく見える,気体が空気とまじりにくい,気体が早く冷える,水に溶けやすい気体を集められる,2
178,1,chemistry,化学,水上置換法を使って気体を集めるメリットとして適切なものはどれか？,気体が水に溶けやすくなる,水に溶けた物質がわかる,気体の量が目で見てわかる,気体の温度が下がる,3
179,1,chemistry,化学,気体を集めるとき、最初の気体をすぐに集めてはいけない理由として最も適切なものはどれか？,反応がまだ始まっていないから,器具が冷えているから,最初に出る気体に空気が混ざっているから,気体の色が安定していないから,3
180,1,chemistry,化学,空気中に最も多く含まれる気体は窒素です。では、空気中の窒素の体積の割合として最も近いものはどれか？,約21%,約30%,約58%,約78%,4
181,1,chemistry,化学,空気中に含まれる酸素の体積の割合として最も近いものはどれか？,約6%,約12%,約21%,約50%,3
182,1,chemistry,化学,空気中に約0.9%程度含まれている気体として、最も適切なものはどれか？,水素,二酸化炭素,アルゴン,メタン,3
183,1,chemistry,化学,過炭酸ナトリウムにある液体を加えると酸素が発生する。この液体として適切なものはどれか？,湯,酢,エタノール,食塩水,1
184,1,chemistry,化学,ジャガイモやレバー、大根おろしにかけると酸素が発生するのはどの液体か？,水酸化ナトリウム,うすい塩酸,過酸化水素水,石灰水,3
185,1,chemistry,化学,オキシドールを使って酸素を発生させるとき、二酸化マンガンの代わりに使うことができる身近なものはどれか？,食塩,食酢,きざんだ野菜,砂糖,3
186,1,chemistry,化学,次のうち、うすい塩酸をかけても二酸化炭素が発生しないものはどれか？,石灰石,貝がら,大理石,鉄くぎ,4
187,1,chemistry,化学,炭酸水素ナトリウムにある液体を加えると、二酸化炭素が発生する。この液体はどれか？,水,うすい酢酸,食塩水,アンモニア水,2
188,1,chemistry,化学,湯の中にある粉末を入れると、二酸化炭素が発生した。この粉末として最も適切なものはどれか？,砂糖,食塩,炭酸水素ナトリウム,塩化カルシウム,3
189,1,chemistry,化学,弱火で加熱すると分解して二酸化炭素を発生させる物質はどれか？,硫酸,食塩水,炭酸水,砂糖水,3
190,1,chemistry,化学,窒素の性質として不適切なものはどれか？,空気中に多く含まれている,燃焼を助ける性質がある,無色・無臭である,化学的に反応しにくい,2
191,1,chemistry,化学,気体のにおいを調べるときの正しい方法として最も適切なものはどれか？,試験管に鼻を近づけて深く吸い込む,においを確認しない（してはいけない）,手であおいでにおいをかぐ,試験管をふって空気を送り込む,3
192,1,chemistry,化学,次のうち、水素を発生させる反応の組み合わせとして最も適切なものはどれか？,石灰石とうすい塩酸,マグネシウムとうすい硫酸,アンモニア水と塩酸,二酸化マンガンと過酸化水素水,2
193,1,chemistry,化学,アンモニア水を弱火で熱すると、どのような気体が発生するか？,酸素,二酸化炭素,水素,アンモニア,4
194,1,chemistry,化学,塩化アンモニウムに水酸化カルシウムを加えて加熱すると、アンモニアが発生する。このときの加える薬品として適切なものはどれか？,食塩水,石灰水,水酸化カルシウム,アンモニア水,3
195,1,chemistry,化学,アンモニアの噴水実験で、フラスコ内のアンモニアが水に溶けるとどうなるか？,水が出なくなる,アンモニアが泡立つ,内部の圧力が高まり水が吸い込まれる,青い液が濃くなる,3
196,1,chemistry,化学,アンモニアの噴水実験で、噴き出した水が赤色に変わった。この水に入っていた液体として最も適切なものはどれか？,BTB溶液,石灰水,フェノールフタレイン溶液,リトマス液,3
197,1,chemistry,化学,塩化アンモニウムと水酸化カルシウムを混ぜたものを加熱してアンモニアを発生させるとき、試験管の口を底より少し下げて加熱するのはなぜか？,アンモニアがよく見えるようにするため,発生したアンモニアが試験管内にたまらないようにするため,試験管の中の液体が流れ出ないようにするため,発生した液体が試験管の底（加熱部）に流れないようにするため,4
198,1,chemistry,化学,塩酸とは、ある気体を水に溶かした水溶液である。この気体として最も適切なものはどれか？,アンモニア,塩化水素,二酸化炭素,酸素,2
199,1,chemistry,化学,水に物質が溶けてできた液体を何というか？,溶媒,溶液,溶質,触媒,2
200,1,chemistry,化学,水溶液のうち、物質が水にとけて目に見えなくなるものを何というか？,溶媒,溶液,溶質,触媒,2
201,1,chemistry,化学,水に溶けている物質のことを何というか？,溶媒,溶液,溶質,触媒,3
202,1,chemistry,化学,水などの、物質を溶かす液体のことを何というか？,溶媒,溶液,溶質,触媒,1
203,1,chemistry,化学,砂糖水は時間が経っても濃さが変わらない。このような特徴を持つ液体はどれ？,懸濁液,水溶液,乳濁液,沈殿液,2
204,1,chemistry,化学,水に溶けた砂糖の粒子はどのように広がっているか？,底に沈む,一部にかたまる,均一に広がる,表面に浮かぶ,3
205,1,chemistry,化学,水溶液が透明に見えるのはなぜか？,粒子が大きいため,色がついているため,粒子が水中に均一に広がるため,粒子が沈殿するため,3
206,1,chemistry,化学,水にとけた粒子が見えないのはなぜか？,溶けると色が消えるから,粒子が細かく、均一に広がるから,水の色にまぎれるから,底に沈むから,2
207,1,chemistry,化学,食塩と水を混ぜてできる液体はどれか？,混合液,懸濁液,水溶液,沈殿液,3
208,1,chemistry,化学,液体に他の物質を溶かしたときにできる、均一に混ざった液体を何というか？,水溶液,沈殿液,分離液,懸濁液,1
209,1,chemistry,化学,質量パーセント濃度を表すときの単位はどれか？,g/L,%,g/cm³,cm³,2
210,1,chemistry,化学,質量パーセント濃度の式で正しいものはどれか？,溶液の質量 ÷ 溶質の質量 × 100,溶質の質量 ÷ 溶液の質量 × 100,溶媒の質量 ÷ 溶質の質量 × 100,溶液の質量 ÷ 溶媒の質量 × 100,2
211,1,chemistry,化学,100gの水に20gの食塩を溶かしたときの質量パーセント濃度は？,0.2,0.25,0.1667,0.22,3
212,1,chemistry,化学,濃度20%の食塩水100gに含まれる食塩の質量は？,20g,80g,25g,50g,1
213,1,chemistry,化学,ろ過のとき、ろ紙の先はどこにつけるのがよいか？,漏斗の底にぴったりつける,漏斗の口につける,漏斗の上につける,ろ紙は使わない,1
214,1,chemistry,化学,ろ過によって取り出せるものはどれか？,水に溶けている砂糖,食塩水に含まれる食塩,水に溶けていない泥,アルコール,3
215,1,chemistry,化学,水に物質を溶かしていき、これ以上溶けなくなった状態を何というか？,水溶液,飽和,沈殿,結晶,2
216,1,chemistry,化学,100gの水に溶ける物質の限界の質量を何というか？,質量,密度,溶解度,結晶度,3
217,1,chemistry,化学,一般的に、温度を上げると物質の溶解度はどうなるか？,小さくなる,変わらない,大きくなる,一度減ってから増える,3
218,1,chemistry,化学,飽和水溶液を冷やすと起こる現象は？,蒸発する,再結晶ができる,中和する,色が変わる,2
219,1,chemistry,化学,純粋な物質の特徴として正しいものはどれか？,成分が均一でない,1種類の成分からなる,色がついている,複数の粒子が混ざっている,2
220,1,chemistry,化学,水に物質を加えても溶けずに底に沈むものは何と呼ばれるか？,溶液,溶媒,沈殿,結晶,3
221,1,chemistry,化学,食塩水を蒸発させて取り出せるのはどれか？,水,砂糖,アンモニア,食塩,4
222,1,chemistry,化学,水溶液を冷やして結晶として取り出す操作を何というか？,蒸発,濾過,再結晶,分離,3
223,1,chemistry,化学,再結晶で水溶液を冷やしても結晶が出にくいとき、どのような方法を使うのが適切か？,水を蒸発させる,水を加える,ろ過する,かきまぜる,1
224,1,chemistry,化学,ある温度で、これ以上物質が溶けず、溶質が水にとける限界まで達した水溶液を何というか？,結晶水溶液,溶質水溶液,飽和水溶液,過冷却液,3
225,1,chemistry,化学,物質が水にどれくらい溶けるかを温度ごとに表したグラフを何というか？,濃度曲線,蒸発曲線,冷却曲線,溶解度曲線,4
226,1,chemistry,化学,水溶液を冷やしたり水を蒸発させたりして、再び取り出された規則正しい形の固体を何というか？,沈殿,結晶,溶質,凝固,2
227,1,chemistry,化学,次のうち、ろ過の操作や言葉の説明として不適切なものはどれか？,ろ液はろ過されたあとの液体である,液体はガラス棒を使ってろうとに流す,ろうとにはろ紙を正しくセットする,ろうとの先はビーカーの口から離して浮かせておく,4
228,1,chemistry,化学,80gの水に20gの砂糖を溶かしたときの質量パーセント濃度は？,0.2,0.25,0.33,0.5,1
229,1,chemistry,化学,濃度10%の食塩水100gに含まれる食塩の質量は？,5g,10g,20g,90g,2
230,1,chemistry,化学,濃度20%の食塩水が100gあるとき、この中に含まれる水の質量はどれか？,20g,80g,100g,50g,2
231,1,chemistry,化学,食塩10gを水に溶かして濃度20%の食塩水を作った。このとき使った水の質量は？,40g,30g,50g,10g,1
232,1,chemistry,化学,濃度12%の食塩水100gに水を100g加えた。このときの食塩水の濃度として正しいものはどれか？,0.06,0.08,0.1,0.12,1
233,1,chemistry,化学,次のうち、混合物ではないものはどれか？,空気,海水,塩酸,エタノール,4
234,1,chemistry,化学,60℃の水100gに40gの物質をすべて溶かした。20℃での溶解度が30gだったとき、20℃まで冷やしたときにできる結晶の質量は？,10g,30g,40g,70g,1
235,1,chemistry,化学,80℃の水150gに60gの物質をすべて溶かした。20℃での溶解度が20gのとき、20℃まで冷やしたときに取り出せる結晶の質量は？,20g,30g,40g,50g,2
236,1,chemistry,化学,60℃の水100gに25gの物質を溶かした。20℃での溶解度が20gのとき、20℃まで冷やしたときに冷やして取り出せる結晶の質量は？,5g,10g,20g,25g,1
237,1,chemistry,化学,物質の状態変化で、液体が気体に変わることを何というか？,凝固,昇華,融解,蒸発,4
238,1,chemistry,化学,氷が水に変わるときの状態変化を何というか？,凝固,昇華,融解,蒸発,3
239,1,chemistry,化学,水を除くと、一般的に、固体→液体→気体と変化すると体積は？,小さくなる,変わらない,大きくなる,一度小さく後で大きくなる,3
240,1,chemistry,化学,状態変化で変わらないものは？,体積,質量,密度,温度,2
241,1,chemistry,化学,蒸留はどのような混合物を分けるときに使うか？,粒の大きさが違うもの,沸点の違う液体の混合物,色の違う液体,溶けていない固体と液体,2
242,1,chemistry,化学,水の密度が最大になるのは何℃？,0℃,4℃,100℃,−10℃,2
243,1,chemistry,化学,粒子の間隔が最も広いのは？,固体,液体,気体,どの状態も同じ,3
244,1,chemistry,化学,エタノールの沸点は？,0℃,63℃,78℃,100℃,3
245,1,chemistry,化学,固体が直接気体になる状態変化は？,凝固,昇華,融解,蒸発,2
246,1,chemistry,化学,粒子が動かないで整然と並ぶ状態は？,固体,液体,気体,どの状態も同じ,1
247,1,chemistry,化学,沸点の異なる液体どうしを分けるときに用いる方法はどれか？,濾過,再結晶,中和,蒸留,4
248,1,chemistry,化学,状態変化の途中、物質の温度はどう変化するか？,上がる,下がる,上がったり下がったりする,一定のままになる,4
249,1,chemistry,化学,氷が水に浮かぶのはなぜ？,氷の密度が水より高いから,氷の密度が水より低いから,氷の体積が水より小さいから,氷が固体だから,2
250,1,chemistry,化学,質量が同じとき、体積が最小となる状態は？,氷,水,水蒸気,同じ,2
251,1,chemistry,化学,粒子が激しく自由に飛び回る状態は？,固体,液体,気体,どの状態も同じ,3
252,1,chemistry,化学,エタノールと水、先に蒸発するのは？,水,エタノール,蒸発しない,同時,2
253,1,chemistry,化学,粒子が密に詰まって動かないモデルは？,液体,気体,固体,どの状態も同じ,3
254,1,chemistry,化学,蒸留で試験管の口を下げる理由は？,気体が逃げない,火が逆流しない,冷却しやすい,液の飛び出し防止,4
255,1,chemistry,化学,固体が液体になり始める温度を何という？,融点,沸点,発火点,絶対零度,1
256,1,chemistry,化学,水について、固体・液体・気体の3つの状態の密度を小さい順に正しく並べたものはどれか？,氷 → 水蒸気 → 水,水 → 氷 → 水蒸気,水蒸気 → 氷 → 水,水蒸気 → 水 → 氷,3
257,1,chemistry,化学,次のうち、沸点の違いを利用して複数の成分を取り出すために蒸留のしくみを応用しているものはどれか？,海水から塩を取り出す,石油を成分ごとに分ける,川の水をろ過して飲み水にする,色のついた水を脱色する,2
258,1,chemistry,化学,蒸留のとき、沸騰石を枝つきフラスコの中に入れるのはなぜか？,においを防ぐため,火を均一にするため,突沸を防ぐため,液を速く蒸発させるため,3
259,1,chemistry,化学,蒸留が終わったあと、火を止める前に行うべき操作として正しいものはどれか？,枝つきフラスコのふたを外す,冷却水をあたためる,ガラス管を試験管から外す,温度計を取り出す,3
260,1,chemistry,化学,混合物を加熱したときの温度と時間のグラフの特徴として正しいものはどれか？,融解・沸騰のときに温度が一定になる,途中で温度が急に下がる,全体的に階段状の形になる,融解・沸騰のときも温度がゆるやかに変化し続ける,4
261,1,biology,生物,ルーペの使い方で正しいものはどれか。,目をルーペから離して見る,観察物にルーペを近づ、目とルーペの間の距離を調整する,ルーペを目に近づけて、観察物を動かす,両手でルーペを持ち観察する,3
262,1,biology,生物,ルーペの倍率として最も適切なのはどれか。,5～10倍,50～100倍,100倍,200倍,1
263,1,biology,生物,双眼実体顕微鏡の特徴として正しいものはどれか。,高倍率で細胞の観察に適している,厚みのある試料を立体的に観察できる,プレパラートを作成して観察する,微生物の観察に適している,2
264,1,biology,生物,双眼実体顕微鏡の倍率として正しいものはどれか。,約5倍,約10倍,約20～40倍,約100倍,3
265,1,biology,生物,顕微鏡の倍率の求め方として正しいものはどれか。,対物レンズの倍率＋接眼レンズの倍率,接眼レンズ×対物レンズの倍率,接眼レンズの倍率÷対物レンズの倍率,接眼レンズの倍率だけで決まる,2
266,1,biology,生物,顕微鏡で観察を始めるとき、まず使用する対物レンズはどれか。,低倍率のレンズ,高倍率のレンズ,観察物に合わせて選ぶ,倍率の高い方から順に使う,1
267,1,biology,生物,プレパラートを作るとき、カバーガラスをのせる方法で適切なのはどれか。,真上から落とす,空中から落とす,斜めに傾けてゆっくりのせる,水の中にしずめてのせる,3
268,1,biology,生物,プレパラートを作るとき、水が少ない場合はどうするべきか。,水を足す,そのまま観察する,観察を中止する,プレパラートを作り直す,1
269,1,biology,生物,顕微鏡でピントを合わせるときに使う部分はどれか。,反射鏡,接眼レンズ,調節ねじ,ステージ,3
270,1,biology,生物,顕微鏡の使い方で正しくないものはどれか。,反射鏡で光を集める,レンズをのぞきながら調節ねじを動かす,観察物を中央に合わせる,高倍率でまず観察を始める,4
271,1,biology,生物,顕微鏡でピントを合わせるときに、目で見るべき部分はどれか。,反射鏡,観察物,接眼レンズ,ステージの上,3
272,1,biology,生物,スケッチを描くときの注意点で正しくないものはどれか。,見えたものだけ描く,点線や破線を使う,色はつけない,自分なりに描く,4
273,1,biology,生物,観察対象が動かない場合、ルーペの使い方で正しいのはどれか。,ルーペを動かす,観察物を動かす,両方を同時に動かす,ルーペを目に近づけたまま、顔を動かす,4
274,1,biology,生物,顕微鏡で観察物が暗いとき、まず行う操作はどれか。,接眼レンズを変える,調節ねじを回す,反射鏡の角度を調整する,ステージを上げる,3
275,1,biology,生物,双眼実体顕微鏡を使うと、観察物はどのように見えるか。,上下左右が逆さま,同じ向きで立体的に見える,色が反転して見える,黒く見える,2
276,1,biology,生物,プレパラートに空気が入ると何が起こるか。,観察物が見やすくなる,カバーガラスが割れる,気泡ができて見にくくなる,ピントが合わなくなる,3
277,1,biology,生物,顕微鏡の倍率を大きくすると、視野の明るさはどうなるか。,明るくなる,変わらない,少しだけ暗くなる,暗くなる,4
278,1,biology,生物,ルーペを使うとき、観察物とルーペはどうするか。,離して見る,ルーペを目に近づけて観察物を動かす,両方を動かす,頭を上下に動かす,2
279,1,biology,生物,スケッチのときに使う筆記用具として最も適切なのはどれか。,ボールペン,サインペン,鉛筆,色鉛筆,3
280,1,biology,生物,プレパラートを作るときにカバーガラスを勢いよくのせてしまうと、何ができて観察の妨げになるか。,水滴,ほこり,気泡,しみ,3
281,1,biology,生物,プレパラートを作るとき、観察したいものの上にそっとかぶせるものはどれか。,スライドガラス,ろ紙,カバーガラス,ガーゼ,3
282,1,biology,生物,顕微鏡のレンズを準備するとき、正しい順番はどれか。,対物レンズ→接眼レンズの順に取り付ける,接眼レンズ→対物レンズの順に取り付ける,レンズは同時に取り付ける,順番はどちらでもよい,2
283,1,biology,生物,接眼レンズが10倍、対物レンズが40倍のとき、顕微鏡の倍率は？,4倍,30倍,50倍,400倍,4
284,1,biology,生物,顕微鏡で倍率を高くすると、見える範囲はどうなるか？,広くなる,狭くなる,変わらない,ぼやけて見える,2
285,1,biology,生物,顕微鏡で観察物を中央にしたいとき、プレパラートをどう動かすとよいか？,見える方向と逆に動かす,上下逆に動かす,見える方向と同じ向きに動かす,動かさずピントを調節する,1
286,1,biology,生物,双眼実体顕微鏡で、観察物を視野の中央に移動させたいとき、プレパラートはどのように動かすか？,見える方向と逆に動かす,上下逆に動かす,見える方向と同じ向きに動かす,動かさずピントを調節する,3
287,1,biology,生物,顕微鏡の対物レンズでは、倍率が高くなるとレンズの長さはどうなるか？,短くなる,長くなる,変わらない,倍率と長さに関係はない,2
288,1,biology,生物,顕微鏡の接眼レンズでは、倍率が高くなるとレンズの長さはどうなるか？,短くなる,長くなる,変わらない,倍率と長さに関係はない,1
289,1,biology,生物,プレパラートに対物レンズを近づけるとき、レンズを真横から見る理由はどれか？,倍率を確認するため,ピントの合わせ方を覚えるため,レンズとプレパラートがぶつかるのを防ぐため,プレパラートの中心を確認するため,3
290,1,biology,生物,顕微鏡にレンズを取り付けるとき、「接眼レンズ→対物レンズ」の順にするのはなぜか？,対物レンズの倍率が高いため,顕微鏡の高さが安定するため,ゴミやホコリが中に入りにくくするため,接眼レンズの倍率を先に確認するため,3
291,1,biology,生物,花の中心にある、種子をつくるはたらきをもつ部分はどれか。,おしべ,がく,めしべ,花弁,3
292,1,biology,生物,おしべの先にある花粉が入っている部分を何というか。,やく,子房,花柱,花粉管,1
293,1,biology,生物,花のまわりにあり、花を保護する部分を何というか。,がく,花弁,子房,柱頭,1
294,1,biology,生物,花のつくりで、受粉後に種子になる部分はどれか。,がく,花弁,子房,やく,3
295,1,biology,生物,受粉とは何を指すか。,おしべが開くこと,花が咲くこと,花粉が柱頭につくこと,種子ができること,3
296,1,biology,生物,受粉後、子房は何になるか。,花粉,果実,胚珠,子葉,2
297,1,biology,生物,果実の中にある、将来芽を出す部分はどれか。,胚珠,子房,種子,がく,3
298,1,biology,生物,風によって花粉が運ばれる花のことを何というか。,虫媒花,風媒花,水媒花,手媒花,2
299,1,biology,生物,虫媒花の特徴として適切なものはどれか。,目立たない色,花粉が軽い,目立つ色や香り,花がない,3
300,1,biology,生物,葉の表面にあるすじのことを何というか。,葉脈,根毛,子葉,維管束,1
301,1,biology,生物,網状脈がある植物に多く見られるのはどれか。,単子葉類,双子葉類,裸子植物,シダ植物,2
302,1,biology,生物,根のつくりで、主根と側根からなるのはどれか。,単子葉類,双子葉類,裸子植物,シダ植物,2
303,1,biology,生物,イネなどの植物に見られる根のタイプはどれか。,主根,側根,ひげ根,根毛根,3
304,1,biology,生物,被子植物は何によって分類されるか。,子房の色,葉の大きさ,子葉の数,根の数,3
305,1,biology,生物,子葉が2枚あり、網状脈をもつ植物の分類はどれか。,単子葉類,双子葉類,裸子植物,合弁花類,2
306,1,biology,生物,子葉が1枚で、平行脈をもつ植物の分類はどれか。,合弁花類,双子葉類,単子葉類,種子植物,3
307,1,biology,生物,双子葉類と単子葉類の違いとして正しいのはどれか。,子葉の色,茎の太さ,子葉の数,花の大きさ,3
308,1,biology,生物,花弁が離れている花の分類はどれか。,合弁花類,双子葉類,離弁花類,単子葉類,3
309,1,biology,生物,朝顔やツツジのように、花弁がくっついている花の分類はどれか。,合弁花類,離弁花類,単子葉類,裸子植物,1
310,1,biology,生物,次のうち、離弁花類に分類される植物はどれか。,アサガオ,タンポポ,エンドウ,ヒマワリ,3
311,1,biology,生物,子葉の数が2枚の植物として正しいのはどれか。,ユリ,イネ,ツツジ,ススキ,3
312,1,biology,生物,平行脈をもつ植物はどれか。,アブラナ,ツツジ,トウモロコシ,サクラ,3
313,1,biology,生物,単子葉類にあてはまらない植物はどれか。,ユリ,ススキ,アブラナ,チューリップ,3
314,1,biology,生物,受粉の後、胚珠は何になるか。,根,花弁,果実,種子,4
315,1,biology,生物,虫媒花の花粉の特徴として最も適切なものはどれか。,軽くて飛びやすい,乾いている,水に溶けやすい,粘りけがありべたべたしている,4
316,1,biology,生物,しべの柱頭の表面がどのような特徴をもつことで、花粉がつきやすくなるか。,乾燥している,ねばねばしている,つるつるしている,反発力がある,2
317,1,biology,生物,根の表面にある、細くて長い突起状の部分を何というか。,根管,根軸,根毛,根茎,3
318,1,biology,生物,根毛があることで植物にとって得られる利点として正しいものはどれか。,根が太くなりやすくなる,光合成の効率が上がる,水や養分をより効率的に吸収できる,花粉がつきやすくなる,3
319,1,biology,生物,タンポポの花に含まれるおしべの数として正しいものはどれか。,2本,4本,5本,6本,3
320,1,biology,生物,根毛があることで水や養分を効率よく吸収できるのはなぜか。,根が重くなるから,光をよく受けるから,根の表面積が広がるから,葉の数が増えるから,3
321,1,biology,生物,マツの雄花には何が含まれているか。,種子,花粉のう,胚珠,花粉,2
322,1,biology,生物,種子植物のうち、胚珠が子房の中にあるのはどれか。,裸子植物,シダ植物,コケ植物,被子植物,4
323,1,biology,生物,被子植物と裸子植物の大きな違いはどれか。,種子の色,根の形,胚珠の有無,胚珠が子房に包まれているかどうか,4
324,1,biology,生物,胞子をつくってふえる植物のうち、根・茎・葉が区別されているのはどれか。,コケ植物,菌類,シダ植物,藻類,3
325,1,biology,生物,コケ植物の主な生育場所として適しているのはどれか。,乾燥地,湿った場所,海中,高山,2
326,1,biology,生物,裸子植物はどれか。,ツユクサ,アサガオ,スギ,トウモロコシ,3
327,1,biology,生物,コケ植物にはない構造はどれか。,胞子のう,根毛,葉状体,茎のような部分,2
328,1,biology,生物,マツの種子ができるまでに必要な過程として正しいものはどれか。,胞子の発生,胚珠の発芽,雄花の成長,受粉,4
329,1,biology,生物,イチョウの雌花には何が含まれているか。,子房,胚珠,花粉,葉緑体,2
330,1,biology,生物,植物を分類する際に「胚珠が子房の中にある」といえば、どの植物か。,裸子植物,被子植物,コケ植物,菌類,2
331,1,biology,生物,裸子植物の特徴として適切なものはどれか。,子房があり、胚珠がその中にある,胚珠がむき出しになっている,花粉は水によって運ばれる,子葉が2枚ある,2
332,1,biology,生物,マツの花についての説明として正しいものはどれか。,雄花と雌花は同じところにある,雄花には胚珠がある,雌花の中には胚珠がある,雌花は花粉を作る,3
333,1,biology,生物,マツの受粉に関して正しいものはどれか。,雄花が風を受けて飛んでいく,雌花が花粉を発射する,花粉が胚珠に直接つく,雌花が雄花に向かって動く,3
334,1,biology,生物,シダ植物にみられる特徴はどれか。,根・茎・葉がない,胞子でふえる,種子でふえる,花がある,2
335,1,biology,生物,コケ植物に共通する特徴はどれか。,葉の裏に胞子のうがある,根・茎・葉の区別がある,胞子でふえる,種子でふえる,3
336,1,biology,生物,コケ植物とシダ植物の違いとして正しいものはどれか。,シダ植物は花をつける,コケ植物は胞子を作らない,シダ植物は根・茎・葉がある,コケ植物には茎がある,3
337,1,biology,生物,コケ植物の胞子のうがついている場所として正しいのはどれか。,根の先端,地下茎,葉の表面,茎の先端,4
338,1,biology,生物,コケ植物が湿った場所に多く見られる理由として適切なものはどれか。,花粉を風で運ぶため,胞子が水に溶けやすいため,胞子が水のある場所でしか発芽しないため,根からたくさん水を吸うため,3
339,1,biology,生物,被子植物に分類される植物はどれか。,イヌワラビ,ゼニゴケ,アブラナ,ゼンマイ,3
340,1,biology,生物,種子植物に分類される植物の特徴はどれか。,胞子でふえる,種子をつくってふえる,根・茎・葉の区別がない,地面に定着せず成長する,2
341,1,biology,生物,被子植物のうち、子葉が1枚で、平行脈をもつものはどれか。,ツバキ,ツユクサ,アブラナ,サクラ,2
342,1,biology,生物,双子葉類に分類される植物の特徴として適切なものはどれか。,子葉は1枚,葉脈は平行脈,主根と側根がある,茎に維管束が散らばる,3
343,1,biology,生物,シダ植物の胞子のうは、どこに見られることが多いか。,茎の節,葉の表,葉の裏,花の中,3
344,1,biology,生物,コケ植物にはどのような特徴があるか。,根が太く、側根がある,茎が長く成長する,根・茎・葉の区別がない,種子でふえる,3
345,1,biology,生物,イチョウは何に分類されるか。,双子葉類,単子葉類,裸子植物,コケ植物,3
346,1,biology,生物,ゼニゴケはどの植物のなかまか。,被子植物,裸子植物,シダ植物,コケ植物,4
347,1,biology,生物,シダ植物とコケ植物の共通点として正しいものはどれか。,種子でふえる,花がある,胞子でふえる,子房がある,3
348,1,biology,生物,胞子でふえる植物に共通する特徴として正しいものはどれか。,子房がある,胚珠がある,花がある,種子をつくらない,4
349,1,biology,生物,被子植物のなかまで、種子が果実に包まれているのはどれか。,単子葉類と双子葉類,シダ植物とコケ植物,裸子植物と被子植物,合弁花類と離弁花類,1
350,1,biology,生物,マツの花粉が風で運ばれやすい理由として正しいものはどれか。,花粉が小さくて軽い,空気袋がついている,粘り気がある,羽がある,2
351,1,biology,生物,「まつかさ」とはマツの何にあたるか。,2年前の雄花,1年前の雄花,2年前の雌花,2年前の雄花,3
352,1,biology,生物,マツの雄花や雌花についているうすい板のような部分を何というか。,葉,胚珠,花弁,りん片,4
353,1,biology,生物,シダ植物の胞子のうがはじけて胞子が飛び出すのはどんなときか。,水中にあるとき,強風のとき,湿度が高いとき,乾燥したとき,4
354,1,biology,生物,シダ植物の胞子のうを人工的にはじけさせたいとき、どうするとよいか。,冷蔵庫に入れる,水につける,ドライヤーで乾かす,光を当てる,3
355,1,biology,生物,コケ植物が水を取り入れる方法として正しいものはどれか。,根から吸収する,葉の裏から吸収する,葉や茎の表面から吸収する,胞子から吸収する,3
356,1,biology,生物,コケ植物にある根のような部分は何とよばれるか。,仮根,偽根,地下茎,ひげ根,1
357,1,biology,生物,コケ植物の仮根の主な役割は何か。,栄養をつくる,地面に体を支える,外敵から守る,種子をつくる,2
358,1,biology,生物,植物の分類をまとめたもので、種を調べるときの手がかりになるものは何か。,顕微鏡,図鑑,検索表,種子カード,3
359,1,biology,生物,コケ植物の特徴として正しいものはどれか。,根・茎・葉の区別できる,雄株と雌株がある,種子をつくってふえる,地下茎をもつ,2
360,1,biology,生物,背骨がある動物を何というか。,無脊椎動物,軟体動物,脊椎動物,節足動物,3
361,1,biology,生物,魚類の体の表面はどのようになっているか。,毛でおおわれている,羽毛でおおわれている,ぬれたうろこでおおわれている,乾いた皮ふでおおわれている,3
362,1,biology,生物,両生類の成体の呼吸の仕方として正しいものは？,えら呼吸,皮ふと肺呼吸,気管呼吸,えらと皮ふ呼吸,2
363,1,biology,生物,恒温動物に分類されるのはどれか。,魚類と鳥類,両生類と哺乳類,鳥類と哺乳類,は虫類と両生類,3
364,1,biology,生物,変温動物に分類されるのはどれか。,魚類・両生類・は虫類,哺乳類・鳥類,魚類・哺乳類,鳥類・は虫類,1
365,1,biology,生物,鳥類の体の表面はどのようになっているか。,うろこ,ぬれた皮ふ,羽毛,毛,3
366,1,biology,生物,胎生の動物はどれか。,魚類,は虫類,両生類,哺乳類,4
367,1,biology,生物,草食動物の特徴として正しいものは？,目は前向き、犬歯が発達,目は横向き、門歯が発達,目は横向き、犬歯が発達,目は前向き、門歯が発達,2
368,1,biology,生物,肉食動物に見られる特徴はどれか。,あしにひづめがある,犬歯が発達している,門歯が発達している,胃が複数ある,2
369,1,biology,生物,両目で立体的に見ることができる範囲が広いのは？,草食動物,肉食動物,鳥類,両生類,2
370,1,biology,生物,昆虫類の体のつくりで正しいものは？,頭部・胸部・腹部に分かれている,頭部と腹部に分かれている,胸部と腹部に分かれている,頭部と胸部に分かれている,1
371,1,biology,生物,昆虫類のあしはどこから出ているか？,頭部,腹部,胸部,尾部,3
372,1,biology,生物,甲殻類に分類されるのはどれか。,アサリ,ミミズ,バッタ,エビ,4
373,1,biology,生物,軟体動物に分類されるのはどれか。,トンボ,カニ,イカ,ヒトデ,3
374,1,biology,生物,アサリの体のつくりの特徴はどれか。,外とう膜でおおわれている,頭部がある,うでがある,羽がある,1
375,1,biology,生物,水中と陸上の両方で生活するのは？,魚類,両生類,哺乳類,鳥類,2
376,1,biology,生物,気門をもつ動物はどれか。,イカ,アサリ,バッタ,エビ,3
377,1,biology,生物,背骨がない動物を何というか。,軟体動物,無脊椎動物,節足動物,脊椎動物,2
378,1,biology,生物,哺乳類に分類される動物はどれか。,フナ,カエル,ネコ,トカゲ,3
379,1,biology,生物,両生類の卵はどこに産まれるか。,陸上,水中,体内,土中,2
380,1,biology,生物,節足動物に見られる特徴は？,体がやわらかく殻がない,体が節に分かれている,うろこでおおわれている,羽がある,2
381,1,biology,生物,軟体動物の特徴として誤っているものは？,外とう膜で内臓をおおう,からだに節がある,足を使って移動する,殻をもつものもいる,2
382,1,biology,生物,両生類の皮ふが湿っているのはなぜか。,水を弾くため,温度調節のため,乾燥に弱いから,外とう膜があるから,3
383,1,biology,生物,は虫類や鳥類の卵に殻があるのはなぜか。,栄養を保存するため,外敵から守るため,中身を乾燥から守るため,あたためるため,3
384,1,biology,生物,草食動物の臼歯のはたらきとして正しいものはどれか。,犬歯の保護,草をすりつぶす,骨を砕く,食べ物を切る,2
385,1,biology,生物,外骨格をもつ動物の例として正しいものはどれか。,ネコ,カエル,トンボ,サル,3
386,1,biology,生物,イカが水を出して進むとき、水の出口の名前はどれか。,気門,えら,ろうと,外とう,3
387,1,biology,生物,昆虫やエビなどの体の表面をおおって体を守っているかたい構造を何というか。,骨格筋,うろこ,外骨格,内骨格,3
388,1,earth,地学,マグマが地表に流れ出たものを何というか。,火山岩,深成岩,溶岩,岩石,3
389,1,earth,地学,火山の噴火で吹き出されたものをまとめて何というか。,火成岩,噴火物,火山噴出物,火砕流,3
390,1,earth,地学,火山ガスに含まれない気体はどれか。,二酸化炭素,酸素,二酸化硫黄,水蒸気,2
391,1,earth,地学,火山灰の直径はおおよそ何mm以下か。,10mm,5mm,3mm,2mm,4
392,1,earth,地学,火山灰に含まれる鉱物のうち、黒っぽいものを何というか。,石英,黒雲母,長石,角閃石,2
393,1,earth,地学,火山灰に含まれる鉱物で、無色または白色で不規則に割れるのはどれか。,石英,長石,黒雲母,角閃石,1
394,1,earth,地学,マグマのねばりけが強いとき、火山の噴火のようすはどうなるか。,おだやかになる,激しくなる,噴火しない,黒っぽくなる,2
395,1,earth,地学,マグマのねばりけが弱いとき、火山の形はどうなるか。,円錐形,ドーム状,平らに広がる,お椀状,3
396,1,earth,地学,ドーム状の火山に見られる特徴として正しいものはどれか。,黒っぽい岩石が多い,噴火はおだやか,ねばりけが強い,火砕流が少ない,3
397,1,earth,地学,火山岩の中で、石基が細かく、鉱物が肉眼で見えにくいもののつくりを何というか。,等粒状組織,斑状組織,結晶組織,粗粒組織,2
398,1,earth,地学,地中深くでマグマがゆっくり冷えてできた岩石は何か。,火山岩,深成岩,火成岩,火砕岩,2
399,1,earth,地学,火山岩と深成岩をあわせて何と呼ぶか。,堆積岩,火成岩,玄武岩,溶岩,2
400,1,earth,地学,火山岩の例として最も適切なものはどれか。,花こう岩,玄武岩,はんれい岩,閃緑岩,2
401,1,earth,地学,深成岩の例として最も適切なものはどれか。,安山岩,玄武岩,花こう岩,流紋岩,3
402,1,earth,地学,花こう岩はどのようなつくりをもつか。,斑状組織,等粒状組織,ガラス質構造,判断できない,2
403,1,earth,地学,斑状組織とはどのようなものか。,鉱物の粒がそろっている,粒の大きさが不ぞろい,粒がない,結晶がない,2
404,1,earth,地学,等粒状組織とはどのようなものか。,粒がそろっている,黒い粒が多い,石英を含まない,不透明な粒で構成される,1
405,1,earth,地学,次のうち、火山の噴火によって得られる恵みでないものはどれか。,地熱発電,温泉,火砕流,豊かな土壌,3
406,1,earth,地学,火山灰がつもった土地が、作物の栽培に適している理由はどれか。,火山灰があたたかいから,火山灰に養分が多くふくまれるから,火山灰に水がしみこむから,火山灰が風で飛ばされるから,2
407,1,earth,地学,火山岩の代表的なつくりはどれか。,等粒状組織,斑状組織,細粒構造,縞状構造,2
408,1,earth,地学,深成岩に見られる鉱物のつぶの特徴はどれか。,大きさがそろっている,小さく不ぞろい,ガラス質である,黒色だけでできている,1
409,1,earth,地学,火山の火口から出てくる高温の水蒸気やガスのことを何というか。,マグマガス,火山ガス,溶岩ガス,噴火ガス,2
410,1,earth,地学,マグマが冷えてできた岩石を何というか。,堆積岩,火成岩,溶岩,火山岩,2
411,1,earth,地学,火山岩のうち、白っぽくて石英が多く含まれる岩石はどれか。,安山岩,流紋岩,玄武岩,はんれい岩,2
412,1,earth,地学,火山岩のうち、黒っぽくて鉄やマグネシウムを多く含むものはどれか。,花こう岩,流紋岩,玄武岩,安山岩,3
413,1,earth,地学,火山ガスに多く含まれる気体（主成分）はどれか。,窒素,水蒸気,酸素,一酸化炭素,2
414,1,earth,地学,地熱発電に利用されるのはどれか。,マグマ,溶岩,火山ガス,地下の熱,4
415,1,earth,地学,次のうち、火山の形として存在しないものはどれか。,成層火山,たて状火山,広域火山,溶岩ドーム,3
416,1,earth,地学,たて状火山の例として正しいものはどれか。,雲仙普賢岳,富士山,マウナロア,浅間山,3
417,1,earth,地学,成層火山の例として正しいものはどれか。,雲仙普賢岳,富士山,マウナロア,キラウエア,2
418,1,earth,地学,溶岩ドームの例として正しいものはどれか。,雲仙普賢岳,富士山,浅間山,桜島,1
419,1,earth,地学,火山の噴火による被害を予測して示した地図を何というか。,等高線図,火山地図,ハザードマップ,リスク図,3
420,1,earth,地学,火山岩のつくりで、細かい粒を何というか。,斑晶,石英,石基,長石,3
421,1,earth,地学,火山岩のつくりで、大きな粒を何というか。,石基,黒雲母,結晶,斑晶,4
422,1,earth,地学,火山岩はどのようにしてできるか。,地下深くでゆっくり冷えてできる,地下深くで急に冷えてできる,地表付近でゆっくり冷えてできる,地表付近で急に冷えてできる,4
423,1,earth,地学,深成岩はどのようにしてできるか。,地下深くでゆっくり冷えてできる,地下深くで急に冷えてできる,地表付近でゆっくり冷えてできる,地表付近で急に冷えてできる,1
424,1,earth,地学,火山灰に含まれる鉱物のうち、白っぽくて板状に割れるのはどれか。,黒雲母,長石,石英,角閃石,2
425,1,earth,地学,火山灰に含まれる鉱物のうち、黒っぽくてうすくはがれるものはどれか。,長石,黒雲母,石英,カンラン石,2
426,1,earth,地学,火山灰に含まれる鉱物のうち、黒っぽくて柱状や針状のものはどれか。,黒雲母,長石,角閃石,石英,3
427,1,earth,地学,火山灰に含まれる鉱物のうち、黄緑色で不規則な形をしたものはどれか。,カンラン石,輝石,黒雲母,長石,1
428,1,earth,地学,火山灰に含まれる鉱物のうち、黒っぽく短柱状で光沢のあるものはどれか。,黒雲母,カンラン石,輝石,石英,3
429,1,earth,地学,火山灰に含まれる鉱物のうち、黒っぽく磁石にくっつくものはどれか。,輝石,磁鉄鉱,石英,角閃石,2
430,1,earth,地学,火山灰に含まれる鉱物のうち、無色または白色で不規則に割れるのはどれか。,石英,黒雲母,角閃石,輝石,1
431,1,earth,地学,火山灰を観察するときに使用する道具として最も適切なものはどれか。,ルーペ,顕微鏡,双眼実体顕微鏡,虫眼鏡,3
432,1,earth,地学,火山灰を観察する前の準備として適切な洗い方はどれか。,歯ブラシで強くこする,水の中で棒でかき混ぜる,指で押し洗いし、にごった水を捨てることを繰り返す,ろ過を繰り返す,3
433,1,earth,地学,地震が発生した場所を何というか。,震央,震源,断層,プレート,2
434,1,earth,地学,地震計において、最初に記録されるのは何の波か。,主要動,S波,初期微動,余震,3
435,1,earth,地学,初期微動のあとに伝わってくる大きなゆれを何というか。,主要動,断層,マグニチュード,震源,1
436,1,earth,地学,初期微動継続時間が長いほど、どんなことがいえるか。,震源は深くなる,震源は浅くなる,震源から近い,震源から遠い,4
437,1,earth,地学,地震の大きさを表す尺度として正しいものはどれか。,速報値,震度,マグニチュード,震源距離,3
438,1,earth,地学,地表における地震の中心を何というか。,震源,初期点,中心点,震央,4
439,1,earth,地学,地震を記録する装置を何というか。,震度計,地震計,観測計,地震記録計,2
440,1,earth,地学,初期微動として最初に伝わる波はどれか。,P波,S波,α波,地震波,1
441,1,earth,地学,初期微動のあとにくる強い揺れによる波はどれか。,P波,S波,α波,地震波,2
442,1,earth,地学,地震の揺れの強さを表す尺度はどれか。,マグニチュード,震度,余震度,地殻度,2
443,1,earth,地学,マグニチュードが1上がるとエネルギーはどれだけ増えるか。,2倍,10倍,32倍,100倍,3
444,1,earth,地学,揺れの大きさが地域ごとに異なることを表すのはどれか。,速報値,震度,マグニチュード,震源距離,2
445,1,earth,地学,プレートの境界付近で地震が多いのはなぜか。,深いから,プレートがもろいから,プレートが動くから,水圧が大きいから,3
446,1,earth,地学,内陸型地震はどこで起きるか。,海底,プレートの内部,外核,プレート外部,2
447,1,earth,地学,プレートが沈み込み、跳ね返って起きる現象は何か。,断層,火山,津波,地割れ,3
448,1,earth,地学,津波が起きたとき、海岸ではどのようなことが起こるか。,海水が温かくなる,海水が急に冷たくなる,海水が引く,海水が泡立つ,3
449,1,earth,地学,P波とS波の速さの違いを利用した装置はどれか。,警報器,早期警戒装置,緊急地震速報,振動探知機,3
450,1,earth,地学,緊急地震速報では何の波を検知して伝えているか。,S波,α波,初期微動,主要道,3
451,1,earth,地学,内陸型地震の原因は何か。,地割れ,活断層,海溝,マグニチュード,2
452,1,earth,地学,地震でできた波形記録を見て震源距離を求めるには何が必要か。,地層の傾き,初期微動継続時間,地形図,音の速度,2
453,1,earth,地学,地震のゆれは震源からどのように広がっていくか。,波線状に広がる,同心円状に広がる,放射線状に広がる,曲線状に広がる,2
454,1,earth,地学,初期微動継続時間とは何か。,P波が伝わるまでにかかる時間,S波が伝わるまでにかかる時間,P波とS波が伝わる時間の差,P波とS波が伝わる時間の和,3
455,1,earth,地学,初期微動継続時間と震源距離にはどんな関係があるか。,関係はない,比例関係,反比例している,不規則的である,2
456,1,earth,地学,マグニチュードが1大きくなると、エネルギーは何倍になるか。,約10倍,約21倍,約32倍,約54倍,3
457,1,earth,地学,グニチュードが2大きくなると、エネルギーは何倍になるか。,約100倍,約200倍,約500倍,約1000倍,4
458,1,earth,地学,マグニチュードはどの記号で表されるか。,E,G,MG,M,4
459,1,earth,地学,震度階級はいくつあるか。,7階級,8階級,9階級,10階級,4
460,1,earth,地学,震度階級で最も小さい階級はいくつか。,-1,0,1,2,2
461,1,earth,地学,震度階級で最も大きい階級はいくつか。,6,7,8,10,2
462,1,earth,地学,震度階級で「強」と「弱」に分けられるのはどの階級か。,3と4,4と5,5と6,6と7,3
463,1,earth,地学,日本付近にある北アメリカプレート以外の大陸プレートはどれか。,北極プレート,太平洋プレート,ユーラシアプレート,フィリピン海プレート,3
464,1,earth,地学,日本付近にある太平洋プレート以外の海洋プレートはどれか。,ユーラシアプレート,北アメリカプレート,フィリピン海プレート,北極プレート,3
465,1,earth,地学,日本付近にはプレートがいくつあるか。,3つ,4つ,5つ,6つ,2
466,1,earth,地学,地面が持ち上がることを何というか。,しゅう曲,断層,隆起,沈降,3
467,1,earth,地学,地面が沈むことを何というか。,しゅう曲,断層,隆起,沈降,4
468,1,earth,地学,地面が隆起を繰り返すことでできる地形はどれか。,火山,地すべり,海岸段丘,扇状地,3
469,1,earth,地学,日本で発生する地震の震源の深さの分布として正しいものはどれか。,日本海側が浅く、太平洋側が深い,太平洋側が浅く、日本海側が深い,どこも同じように分布している,まんべんなく深い,2
470,1,earth,地学,プレートが離れてできる海底の山脈のような場所を何というか。,海嶺,海溝,海底山脈,海山,1
471,1,earth,地学,プレートが沈み込む場所を何というか。,海嶺,海溝,海底山脈,海山,2
472,1,earth,地学,地震による災害に関して誤っているものを選びなさい。,火災が発生することがある,津波が発生することがある,家屋が倒壊することがある,土石流は発生することはない,4
473,1,earth,地学,地震によって地面がゆるくなり、建物が沈む現象を何というか。,土石流,液状化現象,地すべり,土砂崩れ,2
474,1,earth,地学,P波が観測地点に届くのが10時00分00秒、S波が届くのが10時00分30秒だった。このときの初期微動継続時間は何分か。,10秒,20秒,30秒,40秒,3
475,1,earth,地学,P波が10秒後に300km離れた観測所に届いた。このときのP波の速さは？,15km/s,25km/s,30km/s,35km/s,3
476,1,earth,地学,S波が600kmを2分で伝わった。このときのS波の速さは？,5km/s,10km/s,30km/s,300km/s,1
477,1,earth,地学,P波が10時15分に到着し、震源からの距離が180km。P波の速さを6km/sとすると、地震の発生時刻は？,09:45:00,10:00:30,10:12:00,10:14:30,4
478,1,earth,地学,地震計では、地面の揺れをどのように記録しているか。,揺れと同時に紙が動く,地面と一緒に針が動く,重りとペンが固定され、紙が動いて記録される,紙が固定され、重りとペンが動いて記録される,3
479,1,earth,地学,れき岩はどのような粒の堆積物からできているか。,泥,砂,れき,火山灰,3
480,1,earth,地学,チャートはどのようにしてできた堆積岩か。,生物の死がい,火山灰の堆積,岩石の風化,火山の噴火,1
481,1,earth,地学,堆積岩のうち、うすい塩酸をかけても二酸化炭素が発生しないのはどれか。,石灰岩,チャート,泥岩,凝灰岩,2
482,1,earth,地学,堆積岩の特徴として適切なものはどれか。,粒が大きく揃っている,生物の化石を含まない,層をなしているものが多い,火山のマグマからできる,3
483,1,earth,地学,化石を多く含む堆積岩として最も適当なものはどれか。,泥岩,砂岩,れき岩,石灰岩,4
484,1,earth,地学,示相化石の特徴として正しいものはどれか。,地層が堆積した時期がわかる,生息域がわかる,当時の環境がわかる,深海であることがわかる,3
485,1,earth,地学,示準化石の特徴として正しいものはどれか。,地層が堆積した時期がわかる,生息域がわかる,当時の環境がわかる,深海にだけ見られる,1
486,1,earth,地学,フズリナはどの時代の示準化石か。,古生代,中生代,新生代,現代,1
487,1,earth,地学,サンヨウチュウの生息していた時代はいつか。,古生代,中生代,新生代,現代,1
488,1,earth,地学,示準化石ではないものはどれか。,アンモナイト,フズリナ,ブナの葉,恐竜の化石,3
489,1,earth,地学,示相化石として使われる生物はどれか。,アンモナイト,サンヨウチュウ,シジミ,フズリナ,3
490,1,earth,地学,地層がたまっていくとき、一般的に新しい地層はどこにできるか。,一番上,一番下,真ん中,地層の外側,1
491,1,earth,地学,地層が波打つように曲がった地層の変形を何というか。,正断層,逆断層,横ずれ断層,しゅう曲,4
492,1,earth,地学,地層がずれてずれた地層の変形を何というか。,しゅう曲,切断層,断層,地割れ,3
493,1,earth,地学,引く力により、上の地層が下にずれる断層を何というか。,正断層,逆断層,横ずれ断層,しゅう曲,1
494,1,earth,地学,横方向からの力で水平にずれる断層はどれか。,正断層,逆断層,横ずれ断層,しゅう曲,3
495,1,earth,地学,地層に含まれる化石からわかることはどれか。,地層の厚さ,その地層の色,地層の温度,地層ができた時代や環境,4
496,1,earth,地学,火山灰などが積もってできた堆積岩はどれか。,チャート,泥岩,凝灰岩,石灰岩,3
497,1,earth,地学,れき岩のれきの大きさはおよそどのくらいか。,2mm未満,1/16mm〜2mm,2mm以上,1/16mm未満,3
498,1,earth,地学,化石の分類に使われる化石で、地層ができた時代がわかるのはどれか。,示準化石,示相化石,示地化石,地形化石,1
499,1,earth,地学,地層の「しゅう曲」によって見られる現象として適切なものはどれか。,波打つような地層,垂直に割れた地層,地層の消失,地層の断絶,1
500,1,earth,地学,地層がたくさん重なったとき、一番古い地層はどこにあるか。,一番上,真ん中,一番下,場所による,3
501,1,earth,地学,地層中の化石から、その地層ができた環境を知るために使う化石はどれか。,示準化石,示地化石,示相化石,示環化石,3
502,1,earth,地学,岩石が気温の変化や水のはたらきで、表面からくだけていくことを何というか。,浸食,運搬,風化,堆積,3
503,1,earth,地学,流水が岩石や土砂をけずり取るはたらきを何というか。,浸食,運搬,風化,堆積,1
504,1,earth,地学,川の流れなどが、けずった岩石や土砂を下流へ運ぶはたらきを何というか。,浸食,運搬,風化,堆積,2
505,1,earth,地学,運ばれてきた土砂などが川の流れが弱くなるところにたまるはたらきを何というか。,浸食,運搬,風化,堆積,4
506,1,earth,地学,地層が地表に現れている場所を何というか。,露頭,断層,三角州,扇状地,1
507,1,earth,地学,地層の重なりを、上から下まで縦に示した図を何というか。,層理図,柱状図,断層図,局所図,2
508,1,earth,地学,地層の比較や重なりの順番を知るための手がかりとなる、広い範囲に見られる特徴的な地層を何というか。,鍵層,断層,しゅう曲,鉱物層,1
509,1,earth,地学,地下の地層のようすを調べるために、細長い筒で地面を掘って取り出す調査資料を何というか。,断層記録,ボーリング資料,地震計測記録,地下水分析,2
510,1,earth,地学,河川が山地などで急な流れにより谷をけずるとできる、Vの字のような形をした谷を何というか。,U字谷,風化谷,V字谷,三角州,3
511,1,earth,地学,柱状図で下の地層ほど粒が小さく、上に行くほど粒が大きくなっている。このことから分かるのは何か。,火山活動の影響,水の流れが弱くなった,流水の速さが速くなった,化石の数が増えた,3
512,1,earth,地学,柱状図で下の地層ほど粒が大きく、上に行くほど粒が小さくなっている。このことから分かることはどれか。,流れが速くなっていった,だんだん浅くなっていった,だんだん深くなっていった,火山の影響が強くなった,3
513,1,earth,地学,石灰岩を見分ける方法として最も適切なものはどれか。,水にしずめてにごりを見る,火であぶってにおいをかぐ,うすい塩酸をかけて泡が出るかを見る,鉄くぎでひっかいても傷がつかない,3
514,1,earth,地学,チャートを見分ける方法として最も適切なものはどれか。,水にしずめてにごりを見る,火であぶってにおいをかぐ,うすい塩酸をかけて泡が出るかを見る,鉄くぎでひっかいても傷がつかない,4
515,1,earth,地学,れき岩・砂岩・泥岩の見た目の特徴として適切なものはどれか。,粒が四角い,粒が丸みを帯びている,粒がすべて同じ,粒がつぶれている,2
516,1,earth,地学,れき岩などの粒が丸みを帯びる理由として適切なものはどれか。,風でけずられたから,土の中で変化したから,流水で転がるうちにけずられたから,火山の熱で溶けたから,3
517,1,earth,地学,サンゴの化石が見つかった地層から分かる、当時の環境は。,あたたかく深い海だった,冷たい浅い海だった,あたたかく浅い海だった,冷たい深い海だった,3
518,1,earth,地学,ナウマンゾウやビカリアなどの化石が多く見つかる地質年代はどれか。,古生代,中生代,新生代,先カンブリア時代,3
519,1,earth,地学,示準化石として使われる化石の特徴として最も適切なものはどれか。,長い期間にわたって生きていた,広い範囲に生息していたが短い期間に限られていた,地球全体に存在していた,陸上にしか生息していなかった,2
520,2,physics,物理,電流はどのように電源から流れるか。,＋極から出て、－極に入る,－極から出て、＋極に入る,＋極から出て、＋極に入る,－極から出て、－極に入る,1
521,2,physics,物理,電流計は測量したいものに対し、どのようにつなぐか。,並列につなぐ,直列につなぐ,直列でも並列でもよいからつなぐ,電源に直接つなげる,2
522,2,physics,物理,電圧計は測量したいものに対し、どのようにつなぐか。,並列につなぐ,直列につなぐ,直列でも並列でもよいからつなぐ,電源に直接つなげる,1
523,2,physics,物理,電流の単位はどれか。,V,W,A,Ω,3
524,2,physics,物理,電圧の単位はどれか。,V,W,A,Ω,1
525,2,physics,物理,1Aは何mAか。,10mA,100mA,1000mA,10000mA,3
526,2,physics,物理,Vの読み方は。,ボルテージ,バリィ,ボルド,ボルト,4
527,2,physics,物理,Aの読み方は。,アンペア,アール,オングストローム,アーム,1
528,2,physics,物理,直列回路では、各電球に流れる電流の大きさはどうなるか。,電源の＋極に近いほど大きい,電源の＋極から遠いほど大きい,すべての電球で同じ,電球の数に関係して変わる,3
529,2,physics,物理,直列回路では、各電球に加わる電圧の大きさはどうなるか。,全部同じ,電源の電圧より大きい,各電球に加わる電圧の和は電源の電圧に等しい,電源の電圧より小さい,3
530,2,physics,物理,並列回路では、各電球に流れる電流の大きさはどうなるか。,各電球に流れる電流の和は電源の電流より小さい,各電球に流れる電流の和は電源の電流より大きい,各電球に流れる電流の和は電源の電流に等しい,枝分かれしても各電球には電源と等しい大きさの電流が流れる,3
531,2,physics,物理,並列回路では、各電球に加わる電圧の大きさはどうなるか。,電球ごとに異なる,電源の電圧と等しい,電源の電圧を電球の数で割った商だけ加わる,ランダムに大きさが設定され加わる,2
532,2,physics,物理,電流を測定するとき、電流計の－端子は最初どこにつなげるか。,5mA,50mA,500mA,5A,4
533,2,physics,物理,電圧を測定するとき、電圧計の－端子は最初どこにつなげるか。,3V,15V,100V,300V,4
534,2,physics,物理,電流計の－端子の並び方はどうなっているか。,使用者が自由に設定できる,右から左にかけて大きくなる,右から左にかけて小さくなっている,無関係に並んでいる,3
535,2,physics,物理,電圧計の－端子の並び方はどうなっているか。,使用者が自由に設定できる,右から左にかけて大きくなる,右から左にかけて小さくなっている,無関係に並んでいる,2
536,2,physics,物理,電流計や電圧計を、値の大きい－端子に最初につなげる理由は何か。,針の動きが分かりやすくなるため,接続しやすいから,測定範囲を狭めるため,針が振り切れて壊れるのを防ぐため,4
537,2,physics,物理,電圧とは何か。,電流の向きを変えるはたらき,電気をためる力,電流を流そうとするはたらきの大きさ,電力の大きさ,3
538,2,physics,物理,直列回路で、電源の電流が I、各電球に I₁・I₂ が流れるとき、関係式はどれか。,I＝I₁＋I₂,I＝I₁＝I₂,I＜I₁＋I₂,I＞I₁＋I₂,2
539,2,physics,物理,直列回路で、電源の電圧が V、各電球に V₁・V₂ が加わるとき、関係式はどれか。,V＝V₁＝V₂,V＝V₁×V₂,V＝V₁＋V₂,V＜V₁＋V₂,3
540,2,physics,物理,並列回路で、電源の電流が I、各電球に I₁・I₂ が流れるとき、関係式はどれか。,I＝I₁＋I₂,I＝I₁＝I₂,I＜I₁＋I₂,I＞I₁＋I₂,1
541,2,physics,物理,並列回路で、電源の電圧が V、各電球に V₁・V₂ が加わるとき、関係式はどれか。,V＝V₁＋V₂,V＝V₁×V₂,V＝V₁＝V₂,V＜V₁＋V₂,3
542,2,physics,物理,電気器具を記号で表したものは何か。,回路図,電気用図記号,電気記号,回路記号,2
543,2,physics,物理,電気用図記号で表された図を何というか。,電力図,実体配線図,回路図,記号配線図,3
544,2,physics,物理,実物の形に近い状態で回路を表した図を何というか。,電力図,実体配線図,実体回路図,記号配線図,2
545,2,physics,物理,電流の流れにくさを何というか。,絶縁,電圧,抵抗,不導体,3
546,2,physics,物理,抵抗の単位はどれか。,A,V,W,Ω,4
547,2,physics,物理,Ωの読み方は。,オーム,ワット,オメガ,オース,1
548,2,physics,物理,オームの法則を表す式として正しいものはどれか。（電圧：V　電流：I　抵抗：R）,I =R ÷ V,V = I ÷ R,V = I × R,R = I ÷ V,3
549,2,physics,物理,抵抗の値が大きいほど、電流はどうなるか。,大きくなる,小さくなる,大きくも小さくもなる,常に同じになる（一定である）,2
550,2,physics,物理,太い電熱線と細い電熱線では、抵抗の大きさが小さいのはどちらか。,太い電熱線,細い電熱線,どちらも同じ,太さの影響で抵抗の大きさは決まらない,1
551,2,physics,物理,電流が流れやすい物質を何というか。,絶縁体,抵抗体,導体,不導体,3
552,2,physics,物理,直列回路における全体の抵抗の求め方はどれか。,各抵抗の値の平均値,各抵抗の値の和,各抵抗も値の差,一番大きい抵抗の値,2
553,2,physics,物理,並列回路における全体の抵抗の特徴として正しいものはどれか。,各抵抗の値より小さい,各抵抗の値と同じ,各抵抗の値より大きい,常に一定,1
554,2,physics,物理,電圧と電流の関係をグラフに表すとき、どんなグラフになるか。,放物線,原点を通る直線,曲がった線,原点を通らない直線,2
555,2,physics,物理,電熱線が長いほど、抵抗の大きさはどうなるか。,小さくなる,変わらない,大きくなる,長さの影響で抵抗の大きさは決まらない,3
556,2,physics,物理,電熱線の断面積と抵抗の大きさの関係はどれか。,比例関係,関係はない,反比例する,2乗に比例する,3
557,2,physics,物理,ガラスやゴムなど、電気をほとんど通さない物質は何か。,導体,半導体,絶対体,不導体（絶縁体）,4
558,2,physics,物理,導体と不導体の中間の性質をもつ物質は何か。,金属,半導体,伝導体,超伝導体,2
559,2,physics,物理,半導体の使用例として正しいものはどれか。,モーター,電池,発光ダイオード,ヒューズ,3
560,2,physics,物理,半導体の代表的な物質はどれか。,ニクロム,タングステン,アルミニウム,ケイ素,4
561,2,physics,物理,回路全体の抵抗のことを何というか。,総合抵抗,合体抵抗,合成抵抗,全体抵抗,3
562,2,physics,物理,直列回路で、回路全体の抵抗Rと各抵抗R₁・R₂との関係は？,R=R₁×R₂,R=R₁÷R₂,R=R₁+R₂,R=1/R₁+1/R₂,3
563,2,physics,物理,並列回路で、全体の抵抗Rと各抵抗R₁・R₂の関係式はどれか。,R=R₁+R₂,R=1/R₁+1/R₂,1/R=1/R₁+1/R₂,1/R=R₁×R₂,3
564,2,physics,物理,並列回路で、全体の抵抗Rと各抵抗R₁・R₂の関係式はどれか。,R=(R₁×R₂)/(R₁+R₂),R=1/R₁+1/R₂,R=√(R₁²+R₂²),R=R₁/R₂,1
565,2,physics,物理,電圧・電流・抵抗の関係を表す法則として正しいものはどれか。,ジュールの法則,ニュートンの法則,オームの法則,フックの法則,3
566,2,physics,物理,1秒間に消費される電気のエネルギーの量を何というか。,電力,ワット,電力量,電流量,1
567,2,physics,物理,電力の単位はどれか。,J,W,H,P,2
568,2,physics,物理,電力量の単位はどれか。,J,W,H,P,1
569,2,physics,物理,1Whは何Jに相当するか。,36J,360J,3600J,36000J,3
570,2,physics,物理,静電気がたまって一気に流れる現象を何というか。,漏電,放射,放電,伝導,3
571,2,physics,物理,電子はどのように流れるか。,＋極から－極に流れる,－極から＋極に流れる,＋極から＋極に流れる,－極から－極に流れる,2
572,2,physics,物理,電子線（陰極線）が磁界の中を通るとどうなるか。,まっすぐ進む,直進して止まる,曲がる,消滅する,3
573,2,physics,物理,電気が熱や光、音などを発生させる能力を何というか。,雷エネルギー,電圧エネルギー,電気エネルギー,熱エネルギー,3
574,2,physics,物理,他の物体を動かす能力を何というか。,力,エネルギー,能率,力学,2
575,2,physics,物理,電力の単位Wは何というか。,ウィン,ウォン,ウィット,ワット,4
576,2,physics,物理,電力P、電圧V、電流Iの関係式は？,P=I÷V,P=V÷I,P=V×I,P=I+V,3
577,2,physics,物理,「100V-300W」のような電力の表示を何というか。,出力電圧,消費電力,熱量表示,負荷表示,2
578,2,physics,物理,電流を流すことで発生する熱の量を何というか。,発熱値,熱量,熱伝導値,電熱量,2
579,2,physics,物理,熱量は別名で何といわれるか。,消費熱,電気熱,電力熱,ジュール熱,4
580,2,physics,物理,熱量の単位はどれか。,W,E,J,Ju,3
581,2,physics,物理,熱量Q、電力P、時間tの関係式は？,Q－P=t,Q=P×t,Q=P÷t,P=Q×t,2
582,2,physics,物理,熱量が電力と時間に比例する法則を何というか。,ジュールの法則,ニュートンの法則,オームの法則,フックの法則,1
583,2,physics,物理,1gの水を1℃上昇させるのに必要な熱量は？,約0.42J,約2.4J,約4.2J,約24J,3
584,2,physics,物理,水100gを5℃上昇させるのに必要な熱量を求める式は？,4.2÷100×5,4.2×100×5,100÷5×4.2,100×5÷4.2,2
585,2,physics,物理,一定時間に消費される電気エネルギーの総量を何というか。,消費量,電力,電力量,ワット量,3
586,2,physics,物理,電力量や熱量の単位であるJは何と呼ばれるか。,ジェール,ジョール,ジュール,ヤット,3
587,2,physics,物理,1kWhは何Jか。,360J,3600J,360000J,3600000J,4
588,2,physics,物理,1kWは何Wか。,10W,100W,1000W,10000W,3
589,2,physics,物理,「100V-400W」の器具に100Vの電圧を加えたときの電流は？,2A,4A,40A,40000A,2
590,2,physics,物理,「100V-400W」の器具の抵抗は何Ωか。,10Ω,20Ω,25Ω,40Ω,3
591,2,physics,物理,「100V-400W」の器具に50Vの電圧を加えたときの電力は？,50W,100W,200W,400W,2
592,2,physics,物理,「100V-200W」と「100V-400W」の電気器具に100Vを加えたとき、どちらがよくはたらくか。,「100V-200W」の電気器具,「100V-400W」の電気器具,どちらも同じ,判断することはできない,2
593,2,physics,物理,2種類の物体をこすり合わせると生じる電気を何というか。,小電気,摩擦電気,静電気,電磁気,3
594,2,physics,物理,物体が電気をためることを何というか。,保持,帯電,放電,電導,2
595,2,physics,物理,同じ種類の電気が反発し、異なる種類の電気が引き合う力を何というか。,磁力,電磁力,磁力,静電気力,4
596,2,physics,物理,放電現象の例として正しいものはどれか。,風,雷,花火,振動,2
597,2,physics,物理,気圧を低くした空間で電流が流れる現象を何というか。,絶縁現象,低気圧放電,真空放電,帯電作用,3
598,2,physics,物理,真空放電を利用した機器の例として正しいものはどれか。,電子レンジ,発光ダイオード,蛍光灯,発電機,3
599,2,physics,物理,真空放電で、－極から出て蛍光板を光らせるものは何か。,陽子線（陽極線）,電流線（蛍光線）,放電線（真空線）,電子線（陰極線）,4
600,2,physics,物理,電子線やX線、アルファ線などをまとめて何というか。,電磁波,電気線,放射線,光線,3
601,2,physics,物理,放射線の性質として正しいものはどれか。,光を発する性質（発光性）,熱を発する性質（発熱性）,電磁波を発生させる性質（発電磁波性）,物質を通り抜ける性質（透過性）,4
602,2,physics,物理,放射線にはどんな能力があるか。,光を生み出す能力,物質の性質を変える能力,磁力をためる能力,物質同士を引き合わせる能力,2
603,2,physics,物理,放射線を出す物質を何というか。,放射物質,放射物,放射性物質,放射体,3
604,2,physics,物理,放射線を出す能力を何というか。,放射性,放射能,放射力,放射能力,2
605,2,physics,物理,X線を発見した人物は誰か。,トーマス・エジソン（アメリカ）,アイザック・ニュートン（イギリス）,アルベルト・アインシュタイン（ドイツ）,ヴィルヘルム・レントゲン（ドイツ）,4
606,2,physics,物理,電流と電子の流れの向きについて正しいものはどれか。,電流と電子の向きは同じである,電子の流れは一定でない,電流と電子の向きは逆である,電流と電子の流れる向きは互いに影響しない,3
607,2,physics,物理,棒磁石のまわりにできる磁力の向きを表すものは何か。,磁気線,磁力線,電力線,電子線,2
608,2,physics,物理,磁力線が間隔せまく集中しているところは、磁界の強さはどうなるか。,強くなる,弱くなる,強くなったり、弱くなったりする,変わらない,1
609,2,physics,物理,導線に電流を流すと、そのまわりに何ができるか。,静電気,電界,磁界,熱,3
610,2,physics,物理,電流の向きが逆になると、磁界の向きはどうなるか。,変わらない,弱くなる,強くなる,逆になる,4
611,2,physics,物理,コイルの磁界を強くする方法として正しいものはどれか。,電流を小さくする,コイルの巻き数を減らす,コイルに鉄しんを入れる,導線を短くする,3
612,2,physics,物理,直線の導線に電流を流したとき、まわりにできる磁界の形は何か。,放射状,直線状,同心円,波形,3
613,2,physics,物理,コイルの内側と外側の磁界の向きの関係として正しいものはどれか。,同じ向き,逆向き,特に関係はない,垂直に交わる,2
614,2,physics,物理,磁力線の出発点と終点として正しいものはどれか。,N極から出てS極に入る,S極から出てN極に入る,N極からN極に入る,S極からS極に出る,1
615,2,physics,物理,磁石による力を何というか。,静電気緑,電磁力,磁力,磁気,3
616,2,physics,物理,磁力のはたらく空間を何というか。,電場,磁界,力場,磁域,2
617,2,physics,物理,磁界は他に何というか。,磁力帯,電気界,磁場,磁流圏,3
618,2,physics,物理,磁界の向きは方位磁針の磁針の何で決まるか。,N極が指す向き,S極が指す向き,中心点,軸の回転方向,1
619,2,physics,物理,地球を大きな磁石としたとき、北極は何極になるか。,N極,S極,判定できない,N極になるときもS極になるときもある,2
620,2,physics,物理,直線状の導線に電流を流したとき、電流の向きと磁界の向きを考えるために使うのはどれか。,左ねじ,ものさし,右ねじ,左手,3
621,2,physics,物理,1本の導線を輪にし、何回も巻いたものを何というか。,リング,輪重,コイル,輪導線,3
622,2,physics,物理,コイルのまわりの磁界の向きは、右手の親指を磁界の向きとしたとき、残りの4本の指先は何を表すか。,電圧の向き,他の磁界の向き,電流の向き,何も表さない,3
623,2,physics,物理,コイルの磁界を強くする方法として正しくないものはどれか。,電流を大きくする,コイルの巻き数を増やす,鉄心を入れる,導線を細くする,4
624,2,physics,物理,コイルに鉄心を入れたものを何というか。,コイル,電気磁石,電磁石,鉄心コイル,3
625,2,physics,物理,電流が磁界から受ける力の向きは何を使って調べることができるか。,フレミングの左手の法則,オームの法則,フレミングの右手の法則,ジュールの法則,1
626,2,physics,物理,フレミングの左手の法則で「磁界の向き」を表す指はどれか。,親指,人差し指,中指,薬指,2
627,2,physics,物理,モーターが回転を続けるために行っている工夫はどれか。,磁界からの影響を受けたり受けなかったりしている,磁界の向きを繰り返し変えている,電流の向きを自動で切りかえる,電流の大きさを変化させている,3
628,2,physics,物理,電磁誘導とはどんな現象か。,電流が流れると磁界ができる現象,磁石を近づけたときにコイルに電流が流れる現象,熱で電流が流れる現象,コイルにが自然に電流が流れる現象,2
629,2,physics,物理,誘導電流が流れない場合の磁石の条件は何か。,磁石を近づける,磁石を遠ざける,磁石を止める,磁石を速く動かす,3
630,2,physics,物理,誘導電流の大きさを大きくする方法はどれか。,コイルを細くする,コイルを短くする,磁石をゆっくり動かす,磁石を速く動かす,4
631,2,physics,物理,発電機のしくみとして正しいものはどれか。,磁石の代わりに電池を使う,電流の代わりに光を使う,コイルの中の磁界を変化させる,磁石を静止させておく,3
632,2,physics,物理,直流と交流の違いとして正しいものはどれか。,電圧が変化しない,電流の向きが一定か周期的に変わるか,抵抗が変わるかどうか,発熱の量が違う,2
633,2,physics,物理,家庭のコンセントから得られる電流はどれか。,直流,交直流,交流,直流と交流が交互に得られる,3
634,2,physics,物理,電流が磁界から受ける力は、電流の向きと磁界の向きの両方に対して、どんな向きか。,平行,逆向き,垂直,同じ向き,3
635,2,physics,物理,フレミングの左手の法則で「電流の向き」を表す指はどれか。,親指,人差し指,中指,薬指,3
636,2,physics,物理,フレミングの左手の法則で「力の向き」を表す指はどれか。,親指,人差し指,中指,小指,1
637,2,physics,物理,電流が磁界から受ける力を利用しているものとして、モーター以外に当てはまるものはどれか。,電磁石,発光ダイオード,スピーカー,蛍光灯,3
638,2,physics,物理,モーターは別名で何と呼ばれるか。,発電機,電動機,電導機,ギア,2
639,2,physics,物理,モーターのしくみで、電流の向きを自動的に切り替えるために使われているのは、ブラシと何か。,ギア,整流子,コイル,導線,2
640,2,physics,物理,モーターにおける整流子の役割は何か。,電気をためる,モーターの回転スピードを上げる,半回転ごとに電流の向きを逆にする,１回転ごとに電流の向きを逆にする,3
641,2,physics,物理,電流が磁界から受ける力の向きを逆にするには、どうすればよいか。,外部から逆向きの力を加える,磁界の向きを変えるか電流の向きを変える,磁界の強い磁石に変える,抵抗の大きい電熱線を使う,2
642,2,physics,物理,電流と磁界の向きの両方を逆にしたとき、電流が磁界から受ける力の向きはどうなるか。,逆になる,力を受けなくなる,分からない,変わらない,4
643,2,physics,物理,電流が磁界から受ける力の大きさを大きくするには、どうすればよいか。,抵抗を大きくする,電流を小さくする,電流を大きくする,磁力の弱い磁石に変える,3
644,2,physics,物理,コイルの中の磁界が変化すると、コイルに電流が流れる現象を何というか。,電磁現象,静電誘導,電磁誘導,交流現象,3
645,2,physics,物理,電磁誘導によって流れる電流を何というか。,流動電流,誘導電流,磁界電流,電磁誘導電流,2
646,2,physics,物理,電磁誘導を利用したものの例として正しいものはどれか。,ICカード,モーター,方位磁石,スピーカー,1
647,2,physics,物理,誘導電流を大きくする方法として誤っているものはどれか。,磁力の強い磁石を使う,コイルの巻き数を増やす,磁石を速く動かす,コイルを細くする,4
648,2,physics,物理,電流を検出するために使う計測器はどれか。,電流計,電圧計,検流計,気圧計,3
649,2,physics,物理,検流計の－端子に電流が流れ込むと、針はどうなるか。,右に振れる,左に振れる,検流計が壊れる,動かない,2
650,2,physics,物理,電磁誘導で発生する電流を検知するために検流計以外に使えるものはどれか。,磁石,気圧計,発光ダイオード,方位磁石,3
651,2,physics,物理,発光ダイオードの性質として正しいものはどれか。,電流をどの向きに流しても光る,電流を逆に流すと明るくなる,一方向にしか電流を流さない,電圧が高いほど色が変わる,3
652,2,physics,物理,交流の1秒あたりの周期（電流の向きの変化）の回数を何というか。,周回数,周波数,波数,回転数,2
653,2,physics,物理,交流の周波数の単位は何か。,V,W,H,Hz,4
654,2,physics,物理,東日本の交流の周波数は何Hzか。,30Hz,40Hz,50Hz,60Hz,3
655,2,physics,物理,西日本の交流の周波数は何Hzか。,30Hz,40Hz,50Hz,60Hz,4
656,2,physics,物理,交流の利点として、電圧を簡単に変えられることがある。この利点を利用したものは何か。,気圧計,電子レンジ,変圧器,太陽電池,3
657,2,physics,物理,コイルの中の磁石を連続的に回転させ、電磁誘導を起こし、誘導電流を得るものは何か。,発電機,電動機,検流計,モーター,1
658,2,physics,物理,電磁誘導の実験で、コイルに棒磁石を近づけると検流計の針は左に振れた。このとき、針を右に振れるようにするにはどうしたらよいか。,より磁力の強い棒磁石に変えてコイルに近づける,棒磁石をコイルから遠ざける,棒磁石を静止させる,コイルの巻き数を増やす,2
659,2,physics,物理,直流を英語で何と書くか。,DC,CD,CA,AC,1
660,2,physics,物理,交流を英語で何と書くか。,DC,CD,CA,AC,4
661,2,chemistry,化学,化学変化（化学反応）とは何か。,ものの色が変わる変化,もとの物質と異なる物質ができる変化,液体から気体への変化,融解や沸騰による変化,2
662,2,chemistry,化学,熱分解は次のどれにあたるか。,周期変化,化学変化,状態変化,形状現象,2
663,2,chemistry,化学,二酸化炭素が発生したことを確かめる試薬はどれか。,フェノールフタレイン溶液,石灰水,ベネジクト液,塩化コバルト紙,2
664,2,chemistry,化学,炭酸水素ナトリウムを熱分解したときに残る白い物質はどれか。,塩化ナトリウム,炭酸ナトリウム,酸化ナトリウム,ナトリウム,2
665,2,chemistry,化学,炭酸水素ナトリウムの熱分解で発生する気体はどれか。,水素,窒素,酸素,二酸化炭素,4
666,2,chemistry,化学,炭酸水素ナトリウムを加熱したとき、試験管の口に水滴がつくのはなぜか。,水蒸気が水滴となったから,水が発生したから,加熱が不十分だから,冷却が速すぎたから,2
667,2,chemistry,化学,フェノールフタレイン溶液はアルカリ性になると何色になるか。,無色,赤色,青色,黄色,2
668,2,chemistry,化学,炭酸ナトリウムの水溶液はどのような性質をもつか。,酸性,中性,アルカリ性,性質はない,3
669,2,chemistry,化学,酸化銀を加熱したときにできる金属は何か。,鉄,ナトリウム,銀,アルミニウム,3
670,2,chemistry,化学,酸化銀を加熱したときに発生する気体は何か。,水素,酸素,二酸化炭素,アンモニア,2
671,2,chemistry,化学,銀の特徴として正しいものはどれか。,みがくと光沢が出る,電気を通さない,手でちぎれる,非金属である,1
672,2,chemistry,化学,水を加熱するだけでは分解しないが、電流を流すことで分解できる。この分解を何というか。,熱分解,加水分解,電気分解,光分解,3
673,2,chemistry,化学,水の電気分解で、陰極に発生する気体はどれか。,酸素,水素,二酸化炭素,アンモニア,2
674,2,chemistry,化学,水の電気分解で、陽極に発生する気体はどれか。,酸素,水素,二酸化炭素,アンモニア,1
675,2,chemistry,化学,水の電気分解で発生する気体の体積の比（水素：酸素）はどうか。,2：1,1：1,1：2,3：2,1
676,2,chemistry,化学,水素の確認方法はどれか。,刺激臭であることを確認,石灰水に加えて混ぜ、白く濁ることを確認,火のついたマッチを近づけ、ポンと音を出して燃えることを確認,火のついた線香を近づけ、炎をあげて燃えることを確認,3
677,2,chemistry,化学,酸素の確認方法はどれか。,刺激臭であることを確認,石灰水に加えて混ぜ、白く濁ることを確認,火のついたマッチを近づけ、ポンと音を出して燃えることを確認,火のついた線香を近づけ、炎をあげて燃えることを確認,4
678,2,chemistry,化学,塩化銅水溶液の電気分解で陰極に発生するものはどれか。,塩素,水素,酸素,銅,4
679,2,chemistry,化学,塩化銅水溶液の電気分解で陽極に発生するものはどれか。,塩素,水素,酸素,銅,1
680,2,chemistry,化学,水を電気分解する代わりに、ある水溶液で代用する。その液体は何か。,うすい砂糖水,うすい水酸化ナトリウム水溶液,精製水,純粋な水,2
681,2,chemistry,化学,水の電気分解で水酸化ナトリウム水溶液を使う理由として最も適切なものはどれか。,透明度が上がるため,電気を通しやすくするため,温度が上がるから,色が変わるから,2
682,2,chemistry,化学,水の電気分解に使う装置として適切なものはどれか。,三角フラスコと試験管,2つの試験管,H字型電気分解装置,乾電池とビーカー,3
683,2,chemistry,化学,塩化銅水溶液の電気分解で発生する塩素を確認する方法は？,無臭であることを確認,石灰水に加えて混ぜ、白く濁ることを確認,赤インクをたらし、色が消えるか確認,火のついた線香を近づけ、炎をあげて燃えることを確認,3
684,2,chemistry,化学,塩化銅水溶液の電気分解で陰極に付着する銅の色は？,茶色,赤色（赤褐色）,黒色,黄色,2
685,2,chemistry,化学,塩素の性質として誤っているものはどれか。,黄緑色の気体である,水に溶けてアルカリ性を示す,刺激臭である,漂白作用がある,2
686,2,chemistry,化学,塩素の性質として誤っているものはどれか。,水に溶けやすい,殺菌作用がある,無色の気体である,脱色作用がある,3
687,2,chemistry,化学,次のうち「単体」にあてはまるものはどれか。,水,酸素,食塩,炭酸水素ナトリウム,2
688,2,chemistry,化学,単体の例として正しいものはどれか。,H₂O,NaCl,Cu,CO₂,3
689,2,chemistry,化学,次のうち「化合物」にあてはまるものはどれか。,酸素,水,銅,鉄,2
690,2,chemistry,化学,化合物の例として正しいものはどれか。,酸素,銅,炭酸水素ナトリウム,アルミニウム,3
691,2,chemistry,化学,「分解」とはどのような変化か。,1つの物質がいくつかに分かれる化学変化,見た目が変わる変化,溶ける変化,加熱しても変化しない変化,1
692,2,chemistry,化学,炭酸水素ナトリウムの熱分解で水が発生したことを確認するために用いるものは何か。,BTB溶液,フェノールフタレイン溶液,塩化コバルト紙,リトマス紙,3
693,2,chemistry,化学,塩化コバルト紙は何色から何色に変化すると水だと確認できるか。,赤色から青色,青色から赤色,白色から赤色,白色から青色,2
694,2,chemistry,化学,炭酸水素ナトリウム水溶液の熱分解の実験上の注意として誤っているものはどれか。,加熱している試験管の口を水につける,はじめに出てくる気体は集めない,ガラス管を液体から取り出してから加熱をやめる,試験管の口を下に向けて加熱する,1
695,2,chemistry,化学,炭酸水素ナトリウム水溶液の熱分解の実験で、試験管の口を底より下げて加熱する理由は？,発生した液体が試験管の底に流れ、想定しない化学変化が起きるのを防ぐため,発生した液体が試験管の底（加熱部）に流れ、試験管が割れるのを防ぐため,熱分解を効率的に行うため,発生した気体が試験管の外へ移動しやすくするため,2
696,2,chemistry,化学,炭酸水素ナトリウム水溶液の熱分解の実験で、はじめに出てくる気体を集めない理由は？,実験器具内の空気が混ざっているから,においが強いから,はじめに出てくる気体は想定しない化学物質を含んでいる可能性があるから,水蒸気を多く含んでいるから,1
697,2,chemistry,化学,炭酸水素ナトリウム水溶液の熱分解の実験終了後、水槽からガラス管を抜いてから加熱を止める理由は？,試験管が早く冷えるから,水が試験管に逆流しないようにするため,実験器具を効率的に片づけられるため,気体を集め過ぎないようにするため,2
698,2,chemistry,化学,炭酸ナトリウムと炭酸水素ナトリウムの違いとして誤っている組はどれか。,フェノールフタレイン溶液の色について、炭酸水素ナトリウムはうすい赤色、炭酸ナトリウムは濃い赤色を示す,水の溶け方について、炭酸水素ナトリウムは少し溶け、炭酸ナトリウムはよく溶ける,アルカリ性の強さについて、炭酸水素ナトリウムは弱いアルカリ性、炭酸ナトリウムは強いアルカリ性を示す,固体の色について、炭酸水素ナトリウムは黒色で、炭酸ナトリウムは白色である,4
699,2,chemistry,化学,ベーキングパウダーの主成分で、重そうとも呼ばれる物質はどれか。,炭酸水素ナトリウム,炭酸ナトリウム,食塩,塩化銅,1
700,2,chemistry,化学,塩化銅水溶液の色は何色か。,赤色,青色,黄色,茶色,2
701,2,chemistry,化学,塩化銅水溶液の電気分解により、水溶液の色はどうなるか。,赤色がうすくなる,青色がうすくなる,赤色が濃くなる,青色が濃くなる,2
702,2,chemistry,化学,原子の性質として正しいものはどれか。,種類によらず、大きさや質量は同じ,他の原子に変わる,それ以上分けられない,なくなったり、新しくできたりする,3
703,2,chemistry,化学,元素とは何か。,それ以上分けられない小さな粒子,分子の集まり,原子の種類,物質の性質を表す最小の単位,3
704,2,chemistry,化学,ナトリウムの元素記号はどれか。,nA,Na,NA,na,2
705,2,chemistry,化学,鉄の元素記号はどれか。,Fe,Ir,F,Fr,1
706,2,chemistry,化学,分子とは何か。,原子が1つある粒子,いくつかの原子が結びついた粒子,原子の中にある粒子,元素をまとめたもの,2
707,2,chemistry,化学,化合物の分子の例として適切なものはどれか。,酸素,水,銅,水素,2
708,2,chemistry,化学,化学式H₂Oで表されるものはどれか。,二酸化炭素,酸素,水,水素,3
709,2,chemistry,化学,塩化ナトリウムの化学式はどれか。,ClNa,NCl,NaCl,HCl,3
710,2,chemistry,化学,元素記号と数字を使って物質を表した式を何というか。,分子式,構造式,化学式,元素表,3
711,2,chemistry,化学,分子をつくらない物質の例として正しいものはどれか。,水,アンモニア,酸素,銅,4
712,2,chemistry,化学,1種類の原子からできている分子は何か。,化合物,元素,単体,混合物,3
713,2,chemistry,化学,2種類以上の原子からできている分子を何というか。,化合物,元素,単体,混合物,1
714,2,chemistry,化学,分子の中で、同じ原子が2つくっついたものはどれか。,元素の分子,混合物の分子,単体の分子,化合物の分子,3
715,2,chemistry,化学,水分子H₂Oに含まれる原子は何か。,酸素原子1つ、水素原子1つ,水素原子2つ、酸素原子1つ,水素原子1つ、酸素原子2つ,水素原子3つ,2
716,2,chemistry,化学,酸素分子の化学式はどれか。,O,O₂,O₃,H₂O,2
717,2,chemistry,化学,二酸化炭素の化学式はどれか。,CO,CO₂,C₂O,CO₃,2
718,2,chemistry,化学,水素原子2個と酸素原子1個でできている分子はどれか。,O₂,H₂,H₂O,CO₂,3
719,2,chemistry,化学,元素記号の書き方として誤っているものはどれか。,酸素はO,水素はH,ナトリウムはNA,鉄はFe,3
720,2,chemistry,化学,原子という考えを最初に発表した人物は誰か。,ドルトン（イギリス）,メンデレーエフ（ロシア）,アボガドロ（イタリア）,アインシュタイン（ドイツ）,1
721,2,chemistry,化学,水素原子1個の大きさとして正しいものはどれか。,約1cmの100分の1,約1cmの1000分の1,約1cmの1万分の1,約1cmの1億分の1,4
722,2,chemistry,化学,現在知られている原子の種類は約何種類か。,約50種類,約80種類,約110種類以上,約200種類以上,3
723,2,chemistry,化学,元素を性質の似たものどうしで分類して並べた表を何というか。,元素記号表,分類表,周期表,化合物表,3
724,2,chemistry,化学,周期表を発表した人物は誰か。,ドルトン（イギリス）,メンデレーエフ（ロシア）,アボガドロ（イタリア）,アインシュタイン（ドイツ）,2
725,2,chemistry,化学,周期表で区別されているものの組み合わせとして正しいものはどれか。,酸性とアルカリ性,単体と化合物,金属と非金属,原子と分子,3
726,2,chemistry,化学,分子という考えを提唱したのは誰か。,ドルトン（イギリス）,メンデレーエフ（ロシア）,アボガドロ（イタリア）,アインシュタイン（ドイツ）,3
727,2,chemistry,化学,酸素原子のモデルを〇、水素原子のモデルを●で表すとき、〇●〇のモデルはどの物質か。,酸素,水,二酸化炭素,塩化水素,2
728,2,chemistry,化学,酸素原子のモデルを〇、炭素原子のモデルを◎で表すとき、二酸化炭素を表すモデルはどれか。,◎〇◎,〇◎〇,◎◎,〇〇,2
729,2,chemistry,化学,酸素原子のモデルを〇、銅原子のモデルを◍で表すとき、酸化銅を表すモデルはどれか。,〇◍〇,◍◍,◍〇,◍〇◍,3
730,2,chemistry,化学,水の電気分解の化学反応式として正しいものはどれか。,H₂O → H₂ + O₂,H₂O → H₂ + O,2H₂O → 2H₂ + O₂,H₂O → 2H₂ + O₂,3
731,2,chemistry,化学,硫黄と結びつく化学変化を何というか。,酸化,還元,硫化,炭化,3
732,2,chemistry,化学,鉄と硫黄を混ぜて加熱するとできる物質はどれか。,硫酸,鉄,硫化鉄,鉄粉,3
733,2,chemistry,化学,鉄と硫黄を混ぜてできた混合物に磁石を近づけたときの性質として正しいものはどれか。,鉄が引きつけられる,何も引きつけられない（反応しない）,硫黄が引きつけられる,磁石の性質を持つようになる,1
734,2,chemistry,化学,銅と硫黄を混ぜて加熱するとできる物質はどれか。,硫酸銅,硫化銅,硫黄銅,酸化銅,2
735,2,chemistry,化学,銅と硫黄を加熱してできた硫化銅の色として正しいものはどれか。,青色,白色,黒色,赤色,3
736,2,chemistry,化学,酸素と水素が反応してできる物質はどれか。,酸化水素,水,過酸化水素,水酸化物,2
737,2,chemistry,化学,水素と酸素を反応させるときの反応の特徴として正しいものはどれか。,音がなく（静かに）反応する,爆発的に反応する,熱や光を出しながら激しく反応する,においを発しながら反応する,2
738,2,chemistry,化学,マグネシウムと酸素を反応させたとき、できる物質はどれか。,酸化マグネシウム,酸化鉄,マグネシウム酸素,炭化マグネシウム,1
739,2,chemistry,化学,鉄と酸素を反応させてできる物質はどれか。,酸化鉄,硫化鉄,酸化銅,二酸化炭素,1
740,2,chemistry,化学,銅と酸素を反応させるとできる物質はどれか。,酸化マグネシウム,酸化銅,酸化鉄,酸化銀,2
741,2,chemistry,化学,銅と酸素を反応させたとき、銅の色の変化はどのようになるか。,赤色から青色,青色から赤色,赤色から黒色,黒色から赤色,3
742,2,chemistry,化学,鉄と硫黄を加熱してできた硫化鉄は、塩酸を加えるとどうなるか。,水素が発生する,硫化水素が発生する,塩素が発生する,泡を立てて溶ける,2
743,2,chemistry,化学,酸化とはどのような変化か。,水素と結びつく変化,硫黄と結びつく変化,酸素と結びつく変化,酸素が奪われる変化,3
744,2,chemistry,化学,化学反応式で、左右の物質を表すために用いる記号はどれか。,=,=>,→,←,3
745,2,chemistry,化学,鉄と硫黄を混ぜて加熱する実験において、安全のために使う器具はどれか。,ビーカー,試験管ばさみ,メスシリンダー,ろ紙,2
746,2,chemistry,化学,化学反応式の書き方として正しいものはどれか。,左右の原子の種類をそろえる,左右の原子の数を等しくする,左右の原子の種類と数を等しくする,左右に使われる数字（係数）をそろえる,3
747,2,chemistry,化学,鉄と硫黄を混ぜただけの物質に塩酸を加えるとどうなるか。,硫黄が溶ける,水素が発生する,燃焼反応を起こす,においが消える,2
748,2,chemistry,化学,硫化水素のにおいの特徴はどれか。,甘い香り,腐卵臭,魚のにおい,においはない,2
749,2,chemistry,化学,熱や光を出しながら激しく酸化が進む反応は何か。,光沢,爆発,燃焼,スパーク,3
750,2,chemistry,化学,炭素を空気中で加熱すると、発生する気体はどれか。,酸素,二酸化炭素,二酸化窒素,塩素,2
751,2,chemistry,化学,炭素を空気中で加熱すると二酸化炭素が発生する。このときの化学反応式はどれか。,C + O → CO,C + O₂ → CO₂,2C + O₂ → 2CO,C + O₂ → CO,2
752,2,chemistry,化学,マグネシウムを空気中で加熱すると酸化マグネシウムができる。このときの化学反応式はどれか。,Mg + O → MgO,2Mg + O₂ → 2MgO,Mg + O₂ → MgO₂,Mg₂ + O₂ → 2MgO,2
753,2,chemistry,化学,酸化マグネシウムは何色か。,黒色,青色,白色,赤色,3
754,2,chemistry,化学,銅を空気中で加熱すると酸化銅ができる。このときの化学反応式はどれか。,2Cu + O₂ → 2CuO,Cu + O → CuO,Cu + O₂ → CuO₂,Cu₂+ O₂ → 2CuO,1
755,2,chemistry,化学,銅紛を加熱するとき、ステンレス皿にうすく広げてから行う理由はどれか。,ゆっくり反応させるため,空気に多くふれさせるため,熱が逃げるのを防ぐため,観察しやすくするため,2
756,2,chemistry,化学,酸化鉄の中で誤っているものはどれか。,FeO,Fe₂O₃,Fe₃O₄,FeCl₂,4
757,2,chemistry,化学,スチールウールを空気中で加熱するとできる酸化鉄の特徴はどれか。,金属光沢がある,ボロボロ崩れる,電気を通す,磁石にひきつけられる,2
758,2,chemistry,化学,「さびる」とはどういうことか。,金属が水に溶けること,金属がゆっくり酸化すること,金属が別の金属になること,金属の色が変わること,2
759,2,chemistry,化学,鉄のさびを防止する方法として正しいものはどれか。,金属を水に沈める,金属を常に風に当てる,金属の表面に塗装して空気に触れにくくする,金属を冷やす,3
760,2,chemistry,化学,鉄と硫黄を混ぜて加熱すると硫化鉄ができる。このときの化学反応式はどれか。,Fe + S → FeS,Fe₂ + S₂ → 2FeS,Fe + S → SFe,Fe₂ + S₂ → 2SFe,1
761,2,chemistry,化学,硫黄と銅を加熱して反応させると硫化銅ができる。このときの化学反応式はどれか。,Cu + S → CuS,Cu₂ + S₂ → 2CuS,Cu + S → SCu,Cu₂ + S₂ → 2SCu,1
762,2,chemistry,化学,硫化水素の化学式はどれか。,HCl,HS,H₂S,H₂CO₃,3
763,2,chemistry,化学,炭酸水素ナトリウムの熱分解の化学反応式はどれか。,NaHCO₃ → Na₂CO₃ + CO₂ + H₂O,2NaHCO₃ → Na₂CO₃ + CO₂ + H₂O,2NaHCO₃ → 2Na + 2CO₂ + H₂O,NaHCO₃ → NaOH + CO₂,2
764,2,chemistry,化学,炭酸水素ナトリウムと塩化水素を混ぜて加熱したときの化学反応式はどれか。,NaHCO₃ + HCl → NaCl + CO₂ + H₂Ol,2NaHCO₃ → Na₂CO₃ + CO₂ + H₂O,NaHCO₃ + 2HCl → NaCl₂ + CO₂ + H₃O,化学変化は起こらない（何も起こらない）,1
765,2,chemistry,化学,塩化アンモニウムと水酸化カルシウムを加熱したときの化学反応式はどれか。,NH₄Cl + Ca(OH)₂ → CaCl₂ + NH₃ + H₂O,NH₄Cl + CaOH → NH₃ + CaCl + H₂O,NH₄OH + CaCl₂ → NH₄Cl + HCl + CaOH,2NH₄Cl + Ca(OH)₂ → CaCl₂ + 2NH₃ + 2H₂O﻿,4
766,2,chemistry,化学,塩化銅水溶液に電流を流し、塩素と銅に電気分解する。このときの化学反応式はどれか。,CuCl → Cu + Cl,CuCl₂ → Cu + Cl₂,2CuCl → 2Cu + Cl₂,Cu₂Cl → 2Cu + Cl,2
767,2,chemistry,化学,金属の代わりに、ステンレスなどの合金を使う理由として最も適切なものはどれか。,価格を下げるため,重さを軽くするため,さびにくくするため,色を変えるため,3
768,2,chemistry,化学,集気びんの中でエタノールを燃やすと、びんの内側がくもり、石灰水を加えてよく振ると白くにごった。このことから含まれていたと考えられる原子の組み合わせはどれか。,この結果だけでは分からない,CとO,HとO,CとH,4
769,2,chemistry,化学,酸化銅に炭素を混ぜて加熱したときに発生する気体は何か。,酸素,水素,二酸化炭素,窒素,3
770,2,chemistry,化学,酸化銅を入れた試験管に水素を加えて加熱したとき、試験管の中に残る物質は何か。,酸化鉄,銅,鉄,塩化銅,2
771,2,chemistry,化学,銅と酸素が結びつく化学変化を何というか。,還元,分解,酸化,蒸発,3
772,2,chemistry,化学,酸化銅を還元するために用いられる物質として適切な物質はどれか。,酸素,水素,二酸化炭素,酸化銀,2
773,2,chemistry,化学,酸化鉄に炭素を加えて加熱したときにできる物質は二酸化炭素と何か。,銀,銅,鉄,金,3
774,2,chemistry,化学,鉄と硫黄の反応において、加熱をやめても反応が進むのはなぜか。,光を発するから,発熱反応だから,吸熱反応だから,燃焼だから,2
775,2,chemistry,化学,酸化カルシウムと水の反応は、何という反応か。,発熱反応,吸熱反応,酸化還元反応,酸化反応,1
776,2,chemistry,化学,炭酸水素ナトリウムとクエン酸に水を加えると、どんな反応を起こすか。,発熱反応,吸熱反応,酸化還元反応,酸化反応,2
777,2,chemistry,化学,有機物の燃焼で生じる物質として正しい組み合わせはどれか。,水素と酸素,酸素と水,二酸化炭素と水,水素と二酸化炭素,3
778,2,chemistry,化学,発熱反応とはどのような反応か。,周囲から熱を奪う反応,光を発する反応,熱を発生する反応,電気を生じる反応,3
779,2,chemistry,化学,吸熱反応に見られる現象として正しいものはどれか。,温度が上がる,湯気が出る,温度が下がる,光を出す,3
780,2,chemistry,化学,鉄粉と活性炭に食塩水を数滴加えて混ぜると、どのような反応を起こすか。,吸熱反応,発熱反応,酸化還元反応,還元,2
781,2,chemistry,化学,鉄と硫黄を混ぜて加熱したときにできる物質はどれか。,硫化水素,硫酸,硫化鉄,酸化鉄,3
782,2,chemistry,化学,酸化カルシウムと水の反応の特徴として正しいものはどれか。,電気が発生する,ガスが発生する,熱が出る,水が蒸発する,3
783,2,chemistry,化学,メタンの燃焼の化学反応式はどれか。,CH₄ + 2O₂ → CO₂ + 2H₂O,2H₂ + O₂ → 2H₂O,CH₄ → C + 2H₂,CH₄ + O₂ → C + 2H₂O,1
784,2,chemistry,化学,酸化と還元の特徴として最も適切なものはどれか。,還元のみ起こる反応がある,酸化のみ起こる反応はない,還元が起こるとき、必ず酸化も起こる,還元とは、酸素と反応することである,3
785,2,chemistry,化学,酸化物から酸素をうばう化学変化を何というか。,中和,蒸発,還元,燃焼,3
786,2,chemistry,化学,酸化銅と炭素が反応するときの化学反応式として正しいものはどれか。,Cu + C → CuC,2CuO + C → 2Cu + CO₂,CuO + C → Cu + CO,2CuO → 2Cu + O₂,2
787,2,chemistry,化学,酸化銅と炭素粉末の混合物を加熱する実験で、加熱をやめる前に行うべきことはどれか。,ピンチコックを開ける,石灰水を冷やす,石灰水にガラス管を入れる,ガラス管を石灰水から抜く,4
788,2,chemistry,化学,酸化銅と炭素粉末の混合物を加熱する実験で、加熱後にピンチコックでゴム管を閉じる理由はどれか。,試験管に二酸化炭素が入るのを防ぐため,試験管に空気が入り酸化しないようにするため,試験管に水が入らないようにするため,熱が試験管から逃げないようにするため,2
789,2,chemistry,化学,酸化銅と水素が反応するときの化学反応式として正しいものはどれか。,Cu + H₂ → CuH₂,CuO + H₂ → Cu + H₂O,2CuO + H₂ → 2Cu + H₂O₂,2CuO + H₂ → 2Cu + H₂ + O₂,2
790,2,chemistry,化学,酸化銅を還元できるものとして適切なものはどれか。,水,二酸化炭素,エタノール,アンモニア,3
791,2,chemistry,化学,金属を酸化物などから取り出すことを何というか。,精製,さび,製錬,銑鉄,3
792,2,chemistry,化学,製鉄所で、鉄鉱石から鉄を生産する際に用いられる物質として正しいものはどれか。,水銀,コークス,アンモニア,塩酸,2
793,2,chemistry,化学,二酸化炭素中で加熱することで、酸素をうばって燃焼できる物質はどれか。,ナトリウム,マグネシウム,銅,アルミニウム,2
794,2,chemistry,化学,マグネシウムと二酸化炭素が反応するときの化学反応式はどれか。,Mg + CO₂ → MgCO₃,2Mg + O₂ → 2MgO,2Mg + CO₂ → 2MgO + C,Mg + CO₂ → MgO + CO,3
795,2,chemistry,化学,化学変化によって熱が取り出せる物質は、何をもっているか。,運動エネルギー,熱エネルギー,化学エネルギー,位置エネルギー,3
796,2,chemistry,化学,化学変化によって出入りする熱のことを何というか。,熱量,反応熱,化学熱,発熱量,2
797,2,chemistry,化学,酸化カルシウムと水の化学反応式として正しいものはどれか。,2CaO + H₂ → 2Ca(OH)₂,CaO + H₂O → Ca + H₂ + O₂,CaO + H₂O → Ca(OH)₂,Ca(OH)₂ + H₂O → CaO + 2H₂O,3
798,2,chemistry,化学,鉄と酸素の反応で発生する熱を利用した身近なものはどれか。,化学かいろ,冷却パック,加熱式弁当,ガスコンロ,1
799,2,chemistry,化学,酸化カルシウムと水の反応による熱を例はどれか。,化学かいろ,冷却パック,加熱式弁当,ガスコンロ,3
800,2,chemistry,化学,水酸化バリウムと塩化アンモニウムの反応式として正しいものはどれか。,Ba(OH)₂ + 2NH₄Cl → BaCl₂ + 2NH₃ + 2H₂O,Ba(OH)₂ + NH₄Cl → BaCl₂ + NH₃ + H₂,Ba + Cl₂ → BaCl₂,Ba(OH)₂ + NH₄Cl → Ba(OH)Cl + NH₃ + H₂,1
801,2,chemistry,化学,水酸化バリウムと塩化アンモニウムの反応実験でぬらしたろ紙でフタをする理由はどれか。,蒸発を防ぐため,発生する熱を確認するため,発生したアンモニアを吸着させるため,水が飛び散るのを防ぐため,3
802,2,chemistry,化学,硝酸アンモニウムが水に溶けると温度が下がる。この性質を利用したものの例はどれか。,化学かいろ,冷却パック,加熱式弁当,ガスコンロ,2
803,2,chemistry,化学,プロパンの燃焼を表す化学反応式として正しいものはどれか。,C₃H₈ + 5O₂ → 3CO₂ + 4H₂O,C₃H₈ + O₂ → 2CH₄ + CO₂,C₃H₈ + 3O₂ → CH₄  + 2CO₂ + 2H₂O,C₃H₈ + 3O₂ → 3CO₂ + 4H₂,1
804,2,chemistry,化学,鉄と硫黄の反応実験で、試験管に入れて加熱する際の加熱位置として正しいものはどれか。,試験管の底,試験管の口,混合物の上部,どこでもよい,3
805,2,chemistry,化学,化学変化の前後で物質の全体の質量はどうなるか。,増える,減る,変わらない,不規則に変わる,3
806,2,chemistry,化学,フラスコのふたを開けたまま鉄を加熱すると、どうなるか。,空気が入り質量が減る,空気が出て質量が減る,空気が入り質量が増える,変化しない,3
807,2,chemistry,化学,栓をした試験会内の鉄と酸素が反応して酸化鉄ができた。このときの質量変化として正しいものはどれか。,全体の質量は増える,全体の質量は変わらない,鉄の質量が減る,酸素の質量が減る,2
808,2,chemistry,化学,酸化マグネシウムの質量が2.0g、マグネシウムの質量が1.2gであった。結びついた酸素の質量は？,0.4g,0.6g,0.8g,1.0g,3
809,2,chemistry,化学,酸化マグネシウム中のマグネシウムと酸素の質量比で正しいものは？,4:1,3:2,3:1,2:3,2
810,2,chemistry,化学,化学変化において、反応する物質の質量の比が一定になる理由は？,原子の種類が変わるから,原子の数が変わるから,原子の種類と数が変わらないから,原子の組み合わせにより、微調整されるから,3
811,2,chemistry,化学,「反応前の全体の質量＝反応後の全体の質量」これは何の法則か。,質量比の法則,質量の法則,保存の法則,質量保存の法則,4
812,2,chemistry,化学,酸化銅2.5gから銅2.0gが得られた。結びついていた酸素の質量は？,0.5g,1.0g,1.5g,求めることはできない,1
813,2,chemistry,化学,化学変化で発生した気体がフラスコ外に逃げると、全体の質量はどうなるか。,増える,減る,変わらない,測定できない,2
814,2,chemistry,化学,硫酸と塩化バリウムの反応でできる沈殿は何か。,食塩,バリウム,硫酸バリウム,硫酸,3
815,2,chemistry,化学,硫酸と塩化バリウムの反応でできる沈殿は何色か。,黒色,白色,緑色,青色,2
816,2,chemistry,化学,硫酸と塩化バリウムの反応の化学反応式として正しいものはどれか。,H₂SO₄ + BaCl₂ → BaSO₄ + 2HCl,H₂SO₄ + BaCl₂ → BaO + SO₂ + H₂O + Cl₂,H₂SO₄ + BaCl₂ → BaSO₃ + Cl₂ + H₂O,H₂SO₄ + BaCl₂ → Ba + 2HCl + SO₄,1
817,2,chemistry,化学,銅と酸素が反応するときの質量比として正しいものはどれか。,1:4,4:1,3:2,2:3,2
818,2,chemistry,化学,マグネシウムと酸素が反応するときの質量比として正しいものはどれか。,1:4,4:1,3:2,2:3,3
819,2,chemistry,化学,鉄と硫黄が反応するときの質量比として正しいものはどれか。,7:2,7:3,7:4,7:5,3
820,2,chemistry,化学,銅10gを加熱して完全に反応したときにできた酸化銅の質量は？,2.5g,12g,12.5g,15g,3
821,2,chemistry,化学,酸化銅20gを作るために必要な酸素の質量は？,4g,5g,8g,12g,1
822,2,chemistry,化学,酸化銅20gを作るために必要な銅の質量は？,4g,5g,15g,16g,4
823,2,chemistry,化学,マグネシウム9gを加熱して完全に反応したときにできた酸化マグネシウムの質量は？,2.25g,6g,11.25g,15g,4
824,2,chemistry,化学,酸化マグネシウム20gを作るために必要な酸素の質量は？,4g,5g,8g,12g,3
825,2,chemistry,化学,酸化マグネシウム20gを作るために必要なマグネシウムの質量は？,4g,5g,12g,16g,3
826,2,chemistry,化学,鉄粉14gと十分な量の硫黄を混ぜて加熱し、完全に反応したときにできた硫化鉄の質量は？,21g,22g,23g,24g,2
827,2,chemistry,化学,硫化鉄33gを作るために必要な硫黄の質量は？,3g,6g,9g,12g,4
828,2,chemistry,化学,硫化鉄11gを作るために必要な鉄の質量は？,4g,5g,6g,7g,4
829,2,chemistry,化学,質量保存の法則の説明として正しいものはどれか。,化学変化の前後で原子の組み合わせが変わらないこと,化学変化の前後で原子の組み合わせと原子の数が変わり、原子の種類が変わらないこと,化学変化の前後で原子の組み合わせと原子の種類が変わり、原子の数が変わらないこと,化学変化の前後で原子の組み合わせが変わり、原子の数と種類が変わらないこと,4
830,2,chemistry,化学,銅粉2.0gを加熱したところ、加熱後の質量が2.2gだった。このとき、酸化しなかった銅粉は何gか。,0.2g,1.0g,1.2g,1.8g,3
831,2,chemistry,化学,銅粉2.0gを加熱したところ、加熱後の質量が2.2gだった。このとき、反応しなかった銅粉をすべて酸化させるために必要な酸素はあと何gか,0.2g,0.3g,0.4g,0.8g,2
832,2,biology,生物,顕微鏡を運ぶとき、正しい持ち方はどれか。,片手でアームのみ持つ,両手で鏡台を支える,片手でアーム、もう一方の手で鏡台を支える,鏡台だけを持つ,3
833,2,biology,生物,顕微鏡で観察するとき、はじめにやることは何か。,はじめは高倍率で観察する,はじめは低倍率で観察する,直射日光の当たる明るいところで観察する,はじめは対物レンズとプレパラートを遠ざけてから観察する,4
834,2,biology,生物,プレパラートを作るとき、気泡が入らないようにするにはどうするか。,水を多くたらす,カバーガラスを真上から落とす,水をたらさない,カバーガラスを端からゆっくりかぶせる,4
835,2,biology,生物,顕微鏡の倍率の求め方はどれか。,接眼レンズの倍率 ＋ 対物レンズの倍率,接眼レンズの倍率 × 対物レンズの倍率,接眼レンズの倍率 ÷ 対物レンズの倍率,対物レンズの倍率 × 2,2
836,2,biology,生物,ミカヅキモやミドリムシのように体が一つの細胞でできている生物を何というか。,多細胞生物,単細胞生物,ミジンコ,微生物,2
837,2,biology,生物,植物の細胞にだけ見られるつくりはどれか。,核,細胞膜,細胞壁,細胞質,3
838,2,biology,生物,光合成を行う細胞質の一部は何か。,ミトコンドリア,葉緑体,液胞,細胞壁,2
839,2,biology,生物,動物の細胞にあって、植物の細胞にないものはどれか。,細胞壁,液胞,葉緑体,核,4
840,2,biology,生物,多細胞生物に分類されるものはどれか。,ミドリムシ,ミカヅキモ,ミジンコ,ゾウリムシ,3
841,2,biology,生物,顕微鏡のレンズを、接眼レンズ、対物レンズの順に取り付けるのはなぜか。,そういう構造になっているから,レンズが壊れやすいから,ほこりが入らないようにするため,手前にあるから,3
842,2,biology,生物,顕微鏡の倍率を高倍率にすると、視野と明るさはどうなるか。,視野が広くなり明るくなる,視野が狭くなり暗くなる,視野が広くなり暗くなる,視野が狭くなり明るくなる,2
843,2,biology,生物,緑色で動き回ることのできる生物はどれか。,ミカヅキモ,ハネケイソウ,ミドリムシ,アオミドロ,3
844,2,biology,生物,ミドリムシから出ている1本の毛のようなものの名前はどれか。,綿毛,せん毛,べん毛,よう毛,3
845,2,biology,生物,ゾウリムシのまわりの細かい毛の名前はどれか。,綿毛,せん毛,べん毛,よう毛,2
846,2,biology,生物,べん毛やせん毛は何のために使われるか。,呼吸のため,外敵から身を守るため,栄養を取り入れるため,水中で泳ぐため,4
847,2,biology,生物,細胞を発見した人物は誰か。,ロバート・フック（イギリス）,アルベルト・アインシュタイン（ドイツ）,ジョン・ドルトン（イギリス）,ドミトリ・メンデレーエフ（ロシア）,1
848,2,biology,生物,細胞の呼吸は、他に何と呼ばれるか。,外呼吸,光呼吸,内呼吸,腹式呼吸,3
849,2,biology,生物,細胞呼吸とは何か。,酸素を使って養分を分解し、エネルギーを取り出すはたらき,二酸化炭素を使って、エネルギーを取り出すはたらき,酸素を使って体内で水を作ること,酸素を取り入れ、二酸化炭素を出すこと,1
850,2,biology,生物,酸素を使って栄養分を分解し、エネルギーを取り出すはたらきを何というか。,光合成,外呼吸,細胞の呼吸,吸収,3
851,2,biology,生物,細胞の核を染めるために使う染色液として正しくないものはどれか。,酢酸カーミン液,酢酸オルセイン液,酢酸ダーリア液,酢酸液,4
852,2,biology,生物,酢酸カーミン液を使うと、細胞の核は何色に染まるか。,赤色,赤紫色,青紫色,青色,1
853,2,biology,生物,酢酸オルセイン液を使うと、細胞の核は何色に染まるか。,赤色,赤紫色,青紫色,青色,2
854,2,biology,生物,酢酸ダーリア液を使うと、細胞の核は何色に染まるか。,赤色,赤紫色,青紫色,青色,3
855,2,biology,生物,細胞の核を赤色に染める染色液はどれか。,酢酸ダーリア液,酢酸オルセイン液,酢酸カーミン液,酢酸液,3
856,2,biology,生物,細胞の核を赤紫色に染める染色液はどれか。,酢酸ダーリア液,酢酸オルセイン液,酢酸カーミン液,酢酸液,2
857,2,biology,生物,細胞の核を青紫色に染める染色液はどれか。,酢酸ダーリア液,酢酸オルセイン液,酢酸カーミン液,酢酸液,1
858,2,biology,生物,植物の細胞の葉緑体で行われるはたらきは何か。,呼吸,外呼吸,内呼吸,光合成,4
859,2,biology,生物,植物の細胞の細胞壁は何に役立っているか。,酸素の取り入れ,養分の保存,細胞を守り、体を支える,栄養の合成,3
860,2,biology,生物,ジンコやヒトのように、多くの細胞からできている生物を何というか。,単細胞生物,多細胞生物,特殊細胞生物,組織生物,2
861,2,biology,生物,ゾウリムシやミドリムシのように、一つの細胞で体ができている生物を何というか。,単細胞生物,多細胞生物,特殊細胞生物,組織生物,1
862,2,biology,生物,細胞呼吸によってできるものとして正しい組み合わせはどれか。,酸素と水,酸素とデンプン,二酸化炭素と水,二酸化炭素とデンプン,3
863,2,biology,生物,プレパラートを作るとき、カバーガラスをかぶせる際に使うと便利な器具として最も適しているものはどれか。,針金,スポイト,柄つき針,ガラス棒,3
864,2,biology,生物,顕微鏡で視野の端にある観察物を中央に動かしたいとき、プレパラートはどのように動かせばよいか。,観察物を動かしたい向きと同じ方向,観察物を動かしたい向きと逆の方向,動かさずにピントを合わせる,プレパラートの向きに関係なく上下する,2
865,2,biology,生物,接眼レンズの倍率が高くなると、レンズの長さはどうなるか。,長くなる,短くなる,変わらない,倍率と長さに関係性はない,2
866,2,biology,生物,対物レンズの倍率が高くなると、レンズの長さはどうなるか。,長くなる,短くなる,変わらない,倍率と長さに関係性はない,1
867,2,biology,生物,多細胞生物の体のつくりについて、正しいものはどれか。,組織が集まり、器官を作る,器官が集まり、細胞を作る,細胞が集まり、個体を作る,組織が集まり、個体を作る,1
868,2,biology,生物,表皮細胞・葉肉細胞など、形やはたらきが同じ細胞が集まったものは何か。,組織,器官,個体,細胞群,1
869,2,biology,生物,植物の葉の表皮にある、気体の出入り口となるものはどれか。,維管束,道管,師管,気孔,4
870,2,biology,生物,気孔は、2つの三日月のような形をした細胞に囲まれている。この細胞を何というか。,表皮細胞,葉肉細胞,孔辺細胞,三日月細胞,3
871,2,biology,生物,植物の道管が運ぶものとして正しいのはどれか。,水と養分,二酸化炭素,デンプン,酸素,1
872,2,biology,生物,根毛のはたらきとして正しいものはどれか。,光を受けとる,水と養分を吸収する,空気を取り込む,花粉を集める,2
873,2,biology,生物,葉でつくられた養分を体全体に運ぶのはどれか。,根毛,道管,師管,気孔,3
874,2,biology,生物,双子葉類の茎の維管束の並び方として正しいものはどれか。,道管が輪のように並ぶ,師管がばらばらに並ぶ,維管束が輪のように並ぶ,維管束が全体に散らばっている,3
875,2,biology,生物,単子葉類の茎の維管束の並び方として正しいものはどれか。,道管が輪のように並ぶ,師管がばらばらに並ぶ,維管束が輪のように並ぶ,維管束が全体に散らばっている,4
876,2,biology,生物,気孔を出入りする気体として正しくないものはどれか。,水蒸気,酸素,二酸化炭素,水素,4
877,2,biology,生物,根から吸い上げた水や水に溶けた養分の通り道を何というか。,維管束,道管,師管,気孔,2
878,2,biology,生物,葉の表面にある気孔は、主に葉のどちらの側に多く見られるか。,表側,裏側,両側ともに同じ数,判断できない,2
879,2,biology,生物,蒸散によって植物が得られる効果として正しいものはどれか。,花が開く,根がのびる,体温が上がる,体温が調節される,4
880,2,biology,生物,蒸散はどのようなところから行われるか。,根毛,道管,師管,気孔,4
881,2,biology,生物,根から吸い上げられた水が、植物の体から水蒸気として出ていく現象を何というか。,蒸発,呼吸,蒸散,光合成,3
882,2,biology,生物,多細胞生物の体の成り立ちの順序として正しいものはどれか。,組織→細胞→器官→個体,細胞→器官→組織→個体,器官→組織→細胞→個体,細胞→組織→器官→個体,4
883,2,biology,生物,形やはたらきが同じ細胞が集まったものを何というか。,組織,器官,個体,細胞群,1
884,2,biology,生物,器官の例として正しいものはどれか。,植物の表皮組織や動物の上皮組織,植物の葉や動物の胃,植物の葉肉細胞や動物の筋細胞,植物の葉肉組織や動物の上皮細胞,2
885,2,biology,生物,葉の表面にある筋を何というか。,葉筋,葉脈,毛細筋,気孔,2
886,2,biology,生物,導管と師管がいくつも集まってできた束のようなものを何というか。,道師管,集合管,維管束,集合束,3
887,2,biology,生物,葉の断面で、導管は表側に位置するか、裏側に位置するか。,表側,裏側,どちらでもない,表側のときも裏側のときもある,1
888,2,biology,生物,次のうち、葉緑体を持つものはどれか。,道管,師管,表皮細胞,孔辺細胞,4
889,2,biology,生物,蒸散により、さかんになることは何か。,体温の上昇,呼吸,根からの吸水,根の成長,3
890,2,biology,生物,蒸散を調べる実験で、試験管に植物の枝を入れ、水の減少量を計るとき、水面に油をたらす理由は何か。,水の吸収の効率を上げるため,水温の上昇を防ぐため,蒸散を活発にするため,水面からの水の蒸発を防ぐため,4
891,2,biology,生物,茎の断面において、導管と師管の位置について正しいものはどれか。,日向のよく当たる方に導管が、当たりにくい方に師管が位置する,決まった位置はない,茎の内側に導管、外側に師管が位置する,茎の外側に導管、外側に内管が位置する,3
892,2,biology,生物,蒸散を調べる実験で、ワセリンの用途は何か。,葉を固定すること,蒸散を促進すること,茎を守ること,気孔を防ぐこと,4
893,2,biology,生物,光合成は葉のどの部分で行われるか。,維管束,葉の表皮,葉緑体,気孔,3
894,2,biology,生物,デンプンの検出使う液体は何か。,フェノールフタレイン溶液,BTB溶液,ヨウ素液,ベネジクト液,3
895,2,biology,生物,デンプンを検出したとき，ヨウ素液は何色になるか。,赤,黄,青紫,黒,3
896,2,biology,生物,光合成でできる気体は何か。,酸素,二酸化炭素,水蒸気,水素,1
897,2,biology,生物,光合成で使われる気体は何か。,酸素,二酸化炭素,水蒸気,水素,2
898,2,biology,生物,光合成は何を原料としてデンプンなどの養分や酸素をつくられるか。,酸素と水,二酸化炭素と水,酸素と二酸化炭素,酸素と水蒸気,2
899,2,biology,生物,葉のつき方の特徴として正しいものはどれか。,上下にまっすぐ並んでいる,不規則に並び、ついている,互いに重なり合っている,互いに重なり合わないようについている,4
900,2,biology,生物,葉が互いに重なり合わないようについているのはなぜか。,葉を多くつけるため,日光ができるだけ多く当たるようにするため,花を咲かせるため,特に理由はない（分かっていない）,2
901,2,biology,生物,デンプンを調べるとき、葉を熱湯につけた後にエタノールにつける理由はどれか。,デンプン以外の物質を取り除くため,葉を消毒するため,葉を脱色するため,葉を乾燥させるため,3
902,2,biology,生物,デンプンの検出で、葉を熱湯につけた後、次に何につけるとよいか。,冷水,酢酸,食塩水,エタノール,4
903,2,biology,生物,調べたいこと以外の条件を同じにして比較する実験は何というか。,条件実験,対物実験,比較実験,対照実験,4
904,2,biology,生物,光合成は、二酸化炭素と水を原料に葉緑体で行われる。このとき必要なものは何か。,酸素,熱,光,土,3
905,2,biology,生物,光合成とは逆に、酸素を取り入れて二酸化炭素を出す働きを何というか。,消化,吸収,呼吸,蒸散,3
906,2,biology,生物,光合成と呼吸の特徴として正しいものはどれか。,昼は光合成のみ行われている,昼は呼吸のみ行われている,夜は光合成も呼吸も行われている,夜は呼吸のみ行われている,4
907,2,biology,生物,食物を体にとり入れやすい形に変えることを何というか。,呼吸,消化,吸収,排出,2
908,2,biology,生物,デンプンは消化によって最終的に何に分解されるか。,ブドウ糖,アミノ酸,グリコーゲン,脂肪酸とモノグリセリド,1
909,2,biology,生物,タンパク質は消化によって最終的に何に分解されるか。,ブドウ糖,アミノ酸,グリコーゲン,脂肪酸とモノグリセリド,2
910,2,biology,生物,脂肪は消化によって最終的に何に分解されるか。,ブドウ糖,アミノ酸,グリコーゲン,脂肪酸とモノグリセリド,4
911,2,biology,生物,デンプンを分解するはたらきをもち、だ液やすい液に含まれる消化酵素は何か。,アミラーゼ,ペプシン,トリプシン,リパーゼ,1
912,2,biology,生物,タンパク質を分解するはたらきをもち、胃液に含まられる消化酵素は何か。,アミラーゼ,ペプシン,トリプシン,リパーゼ,2
913,2,biology,生物,脂肪を分解するはたらきをもち、すい液に含まられる消化酵素は何か。,アミラーゼ,ペプシン,トリプシン,リパーゼ,4
914,2,biology,生物,ブドウ糖やアミノ酸は小腸の柔毛のどこに吸収されるか。,リンパ管,血管,毛細血管,筋肉,3
915,2,biology,生物,脂肪酸とモノグリセリドは小腸の柔毛のどこに吸収されるか。,リンパ管,血管,毛細血管,筋肉,1
916,2,biology,生物,食物から養分を体内に取り入れるためのはたらきをもつ器官は何というか。,吸収器官,感覚器官,消化器官,分解器官,3
917,2,biology,生物,だ液や胃液、すい液などをまとめて何というか。,消化管,消化器,消化液,消化酵素液,3
918,2,biology,生物,消化液に含まれる、食物の養分を分解するはたらきをもつ物質を何というか。,代謝酵素,消化酵素,分解酵素,吸収酵素,2
919,2,biology,生物,消化酵素がよくはたらく温度は約何度か。,約20度,約30度,約40度,約50度,3
920,2,biology,生物,胆汁はどこでつくられるか。,すい臓,胃,小腸,肝臓,4
921,2,biology,生物,胆汁はどこに蓄えられるか。,胃,胆のう,大腸,肝臓,2
922,2,biology,生物,胆汁の性質として正しいものはどれか。,消化酵素をふくむ,多くの消化酵素を含む,消化酵素をもたない,消化酵素を作り出す,3
923,2,biology,生物,胆汁の役割として正しいものはどれか。,タンパク質を分解する,炭水化物を分解する,脂肪の分解を助ける,水を分解する,3
924,2,biology,生物,口、食道、胃、小腸、大腸、肛門の順に続く１本の管を何というか。,食道管,消化管,吸収管,排出管,2
925,2,biology,生物,だ液のはたらきによってデンプンは何に分解されるか。,アミノ酸,麦芽糖,トリプシン,モノグリセリド,2
926,2,biology,生物,ベネジクト液は何を検出するためのものか。,タンパク質,デンプン,糖,アミノ酸,3
927,2,biology,生物,麦芽糖をベネジクト液で検出すると何色の沈殿ができるか。,青色,黄色,赤褐色,黒色,3
928,2,biology,生物,ベネジクト液はもともと何色か。,無色透明,青色,赤色,黄色,2
929,2,biology,生物,ベネジクト液との反応を調べるとき、試験管に入れたあと何をするか。,急冷する,ヨウ素液を入れて加熱する,沸騰石を入れて加熱する,軽く振る,3
930,2,biology,生物,だ液のはたらきを調べる実験で、40度前後がよくはたらく理由はどれか。,実験する上で安全な温度だから,酵素のはたらきを止める温度だから,特に理由は分かっていない,体温に近いから,4
931,2,biology,生物,ヨウ素液はもともと何色か。,無色透明,黄色,褐色,黒色,3
932,2,biology,生物,小腸の壁にあるひだの表面にある小さな突起は何か。,柔毛,細胞壁,リンパ管,小突起,1
933,2,biology,生物,柔毛があることで養分の吸収が効率よく行える理由はどれか。,酵素の量が多くなるから,温度が高くなるから,小腸の長さが短くなるから,小腸の表面積が大きくなるから,4
934,2,biology,生物,小腸から肝臓へとつながる血管を何というか。,大動脈,門脈（肝門脈）,小腸動脈,毛細血管,2
935,2,biology,生物,脂肪酸とモノグリセリドを吸収するとき、どうなってから吸収されるか。,デンプンになって吸収される,そのまま吸収される,再び脂肪になって吸収される,さらに消化酵素に分解され、吸収される,3
936,2,biology,生物,鼻や口から吸い込まれた空気は、気管を通ってどこに入るか。,胃,心臓,肺,肝臓,3
937,2,biology,生物,肺で酸素をとり入れ、二酸化炭素を出すことを何というか。,内呼吸,外呼吸,細胞呼吸,胸腔,2
938,2,biology,生物,肺胞のまわりにある毛細血管で行われていることはどれか。,血液のろ過,酸素と二酸化炭素の交換,栄養の吸収,酸素の分解,2
939,2,biology,生物,肺胞がたくさん集まっている理由として最も適切なものはどれか。,空気をためるため,結果を空気で冷やすため,表面積を広げて効率よく酸素と二酸化炭素の交換をするため,肺を守るため,3
940,2,biology,生物,ヘモグロビンが持つ性質はどれか。,体内の不要な物質を運ぶ,酸素の多いところで酸素と結びつき、少ないところでは酸素を放す,出血時に血液を固める,病原体を分解する,2
941,2,biology,生物,赤血球のはたらきとして正しいものはどれか。,酸素を運ぶ,病原体を分解する,出血時に血液を固める,栄養をつくる,1
942,2,biology,生物,血しょうの主なはたらきはどれか。,酸素の運搬,不要な物質の分解,養分や不要物を運ぶ,病原体を分解する,3
943,2,biology,生物,組織液とはどのような液体か。,胃液がにじみ出た液体,血しょうが毛細血管からしみ出た液体,胆汁が細胞にしみ出た液体,酵素の液体,2
944,2,biology,生物,組織液の大部分は毛細血管に入って血しょうとなるが、一部はリンパ節入ってできる液体はどれか。,血液,血小板,リンパ液,消化液,3
945,2,biology,生物,肺胞は、細かく枝分かれした何の先にあるか。,血管,気管支,気管,毛細血管,2
946,2,biology,生物,出血したときに血液を固めるはたらきをするのはどれか。,白血球,赤血球,血しょう,血小板,4
947,2,biology,生物,養分や不要な物質を運ぶ役割を持つのはどれか。,血小板,血しょう,白血球,赤血球,2
948,2,biology,生物,細菌やウイルスなどの病原体を分解するのはどれか。,白血球,血しょう,血小板,赤血球,1
949,2,biology,生物,細胞と血液の間で物質のやりとりをするとき、仲立ちしているのは何か。,血小板,血しょう,組織液,酵素,3
950,2,biology,生物,肺やえらなどの器官を何というか。,消化器官,循環器官,呼吸器官,排出器官,3
951,2,biology,生物,心臓から送り出された血液が流れる血管を何というか。,静脈,毛細血管,動脈,組織液,3
952,2,biology,生物,静脈にある、血液の逆流を防ぐしくみは何か。,弁,ポンプ,筋肉,膜,1
953,2,biology,生物,全身に張りめぐらされている非常に細い血管を何というか。,動脈,静脈,毛細血管,リンパ管,3
954,2,biology,生物,酸素を多く含む血液を何というか。,動脈血,静脈血,血しょう,組織液,1
955,2,biology,生物,二酸化炭素を多く含む血液を何というか。,動脈血,静脈血,血しょう,組織液,2
956,2,biology,生物,人の心臓には全部でいくつの部屋があるか。,2つ,3つ,4つ,5つ,3
957,2,biology,生物,心臓の上の部屋は何というか。,心室,心房,弁,門脈,2
958,2,biology,生物,心臓の下の部屋は何というか。,心房,心管,心室,弁,3
959,2,biology,生物,肺に血液を送り出す部屋はどこか。,左心室,右心室,左心房,右心房,2
960,2,biology,生物,全身に血液を送り出す部屋はどこか。,左心室,右心室,左心房,右心房,1
961,2,biology,生物,肺から血液が戻ってくる部屋はどこか。,左心室,右心室,左心房,右心房,3
962,2,biology,生物,全身から血液が戻ってくる部屋はどこか。,左心室,右心室,左心房,右心房,4
963,2,biology,生物,心臓から出た血液が肺以外の全身をめぐって心臓に戻る流れを何というか。,肺循環,体循環,動脈循環,毛細循環,2
964,2,biology,生物,心臓から出た血液が肺を通って心臓に戻る流れを何というか。,肺循環,体循環,動脈循環,毛細循環,1
965,2,biology,生物,肺から心臓へ戻る血管はどれか。,肺動脈,肺静脈,大動脈,大静脈,2
966,2,biology,生物,心臓から肺へ向かう血管はどれか。,肺動脈,肺静脈,大動脈,大静脈,1
967,2,biology,生物,心臓から肺以外の全身へ出ていく血管はどれか。,肺動脈,肺静脈,大動脈,大静脈,3
968,2,biology,生物,肺以外の全身から戻ってくる血液が通る血管はどれか。,肺動脈,肺静脈,大動脈,大静脈,4
969,2,biology,生物,動脈血が流れる血管の組み合わせとして正しいものはどれか。,肺動脈と大動脈,肺静脈と大静脈,肺静脈と大動脈,肺動脈と大静脈,3
970,2,biology,生物,静脈血が流れる血管の組み合わせとして正しいものはどれか。,肺動脈と大動脈,肺静脈と大静脈,肺静脈と大動脈,肺動脈と大静脈,4
971,2,biology,生物,静脈にある弁の役割は何か。,酸素の運搬スピードをあげる,血液を流れる速さのコントロール,血液の逆流を防ぐ,血圧を上げる,3
972,2,biology,生物,心臓が規則正しく収縮することを何というか。,心拍,拍動,脈拍,衝動,2
973,2,biology,生物,血管やリンパ管、心臓などをまとめて何というか。,消化器系,呼吸系,循環系,排出系,3
974,2,biology,生物,最も酸素を多く含む血管はどれか。,肺動脈,肺静脈,大動脈,大静脈,2
975,2,biology,生物,最も二酸化炭素を多く含む血管はどれか。,肺動脈,肺静脈,大動脈,大静脈,1
976,2,biology,生物,養分を最も多く含む血管はどこからどこへ流れているか。,肝臓から小腸,心臓から肝臓,小腸から肝臓,小腸から心臓,3
977,2,biology,生物,養分を最も多く含む血管は何というか。,大動脈,肺動脈,門脈（肝門脈）,肺静脈,3
978,2,biology,生物,動脈と静脈の壁の厚さについて正しいものはどれか。,動脈は静脈より壁が薄い,静脈は動脈より壁が厚い,動脈と静脈の壁の厚さは同じ,動脈は静脈より壁が厚い,4
979,2,biology,生物,心臓の部屋のうち、左心室の特徴は何か。,酸素を取り入れるために広い,肺へ血液を送るため、筋肉が厚い,全身に血液を送り出すため、右心室より壁が厚い,血液を受け取るため、右心房より高い位置にある,3
980,2,biology,生物,細胞の活動によってできた不要な物質を体外に出すはたらきを何というか。,呼吸,排出,消化,吸収,2
981,2,biology,生物,腎臓の主なはたらきはどれか。,酵素を分泌する,血液から酸素をとり入れる,血液中の不要物をこし出して尿をつくる,尿を一時的にため、たまると体外へ排出する,3
982,2,biology,生物,尿がいったんたくわえられる場所はどこか。,腎臓,ぼうこう,輸尿管,肝臓,2
983,2,biology,生物,汗腺のはたらきとして正しいものはどれか。,不要な物質や水分を汗として排出する,二酸化炭素を汗として排出する,血液をろ過し、ろ液を汗として排出する,血液中以外の液体を汗として排出する,2
984,2,biology,生物,肝臓の主なはたらきの一つである、消化を助ける液体をつくるはたらきとは何か。,尿をつくる,胆汁をつくる,尿素をつくる,すい液をつくる,2
985,2,biology,生物,アンモニアを尿素に変えるはたらきがあるのはどの器官か。,腎臓,小腸,肝臓,すい臓,3
986,2,biology,生物,食物中の有害な物質を無害な物質に変えるはたらきをもつ器官はどこか。,腎臓,小腸,肝臓,すい臓,3
987,2,biology,生物,尿がつくられてから排出されるまでの順に並んでいるものはどれか。,腎臓→ぼうこう→輸尿管→尿道,腎臓→輸尿管→ぼうこう→尿道,尿道→ぼうこう→腎臓→輸尿管,輸尿管→腎臓→ぼうこう→尿道,2
988,2,biology,生物,肝臓でブドウ糖の一部は何に変えられて蓄えられるか。,デンプン,アミノ酸,グリコーゲン,アンモニア,3
989,2,biology,生物,血液中のアンモニアは、肝臓で何に変えられるか。,アンモニウム,水,グリコーゲン,尿素,4
990,2,biology,生物,汗と尿の成分として共通して含まれるものはどれか。,酵素と塩分,胆汁と尿素,尿素と塩分,アンモニアと塩分,3
991,2,biology,生物,排出にかかわる器官をまとめて何というか。,呼吸系,循環系,排出系,消化系,3
992,2,biology,生物,尿の約4％は尿素や塩分などである。残りの約96％は何か。,水分,消化酵素,血液,胆汁,1
993,2,biology,生物,体内でできる不要な物質のうち、アンモニアは何によってできるか。,脂肪の分解,炭水化物の消化,タンパク質の分解,胆汁と一緒につくられる,3
994,2,biology,生物,タンパク質を分解したときにアンモニアができるのは、タンパク質に何を含むためか。,炭素（C）,窒素（N）,水素（H）,酸素（O）,2
995,2,biology,生物,肝臓は人体で最も大きい臓器である。では、その質量はどれくらいか。,約0.5～0.8kg,約0.8～1.0kg,約1.0〜1.5kg,約1.5～2.0kg,3
996,2,biology,生物,肝臓のはたらきの数として正しいものはどれか。,10種類以下,約100種類,約250種類,500種類以上,4
997,2,biology,生物,肝臓がアンモニア以外にも無害に変える有害物質の例はどれか。,ナトリウム,水素,アルコール,尿素,3
998,2,biology,生物,肝臓は人体のどこに位置するか。,小腸の下,横隔膜の下,胃の上,心臓の右,2
999,2,biology,生物,骨と筋肉でできた体を動かす器官を何というか。,呼吸器官,消化器官,運動器官,感覚器官,3
1000,2,biology,生物,運動器官は何と何によって動くか。,骨格と関節,骨格と筋肉,関節と神経,筋肉と神経,2
1001,2,biology,生物,うでを曲げるときに収縮するのはどの筋肉か。,外側の筋肉,内側の筋肉,背中の筋肉,首の筋肉,2
1002,2,biology,生物,外からの刺激を受け取る器官を何というか。,感覚器官,運動器官,排出器官,消化器官,1
1003,2,biology,生物,目で光を受け取る部分はどこか。,虹彩,網膜,水晶体,毛様体,2
1004,2,biology,生物,耳の中で鼓膜の振動をうずまき管へ伝える部分はどこか。,外耳,耳小骨,鼓膜,三半規管,2
1005,2,biology,生物,刺激や命令の信号を伝えるしくみを何というか。,消化系,呼吸系,神経系,排出系,3
1006,2,biology,生物,熱いものにふれて手を引っこめるなどの無意識の反応を何というか。,無意識運動,自律反応,反応,反射,4
1007,2,biology,生物,脳や脊髄にあたる神経をまとめて何というか。,末しょう神経,感覚神経,運動神経,中枢神経,4
1008,2,biology,生物,全身に広がっている神経で、中枢神経と体の各部分をつなぐものは何か。,末しょう神経,感覚神経,運動神経,中枢神経,1
1009,2,biology,生物,目や耳などの感覚器官からの信号を脳や脊髄へ伝える神経を何というか。,末しょう神経,感覚神経,運動神経,中枢神経,2
1010,2,biology,生物,脳や脊髄から命令を伝え、運動器官を動かす神経を何というか。,末しょう神経,感覚神経,運動神経,中枢神経,3
1011,2,biology,生物,脊髄が命令を直接出し、無意識に体が反応するしくみを何というか。,無意識運動,自律反応,反応,反射,4
1012,2,biology,生物,刺激を受けてから運動器官が反応するまでの経路で、反射では通らないのはどれか。,感覚神経,脊髄,脳,運動神経,3
1013,2,biology,生物,筋肉の両端にあるものは何か。,関節,骨,けん,筋膜,3
1014,2,biology,生物,うずまき管から聴神経には何が伝わるか。,耳小骨の振動,筋肉の振動,内部の液体の振動,鼓膜の振動,3
1015,2,biology,生物,ひとみの大きさを変えて光の量を調節する部分はどれか。,網膜,毛様体,水晶体,虹彩,4
1016,2,biology,生物,皮ふにある、刺激を受け取る部分を何というか。,感覚点,運動点,触覚,圧覚,1
1017,2,biology,生物,手でふれてから手を動かす反応の経路として正しいものはどれか。,感覚器官→運動神経→脳→運動器官,感覚器官→感覚神経→脊髄→脳→脊髄→運動神経→運動器官,感覚器官→感覚神経→脳→運動神経→運動器官,感覚器官→脊髄→感覚神経→運動器官,2
1018,2,biology,生物,目で光の刺激を受けて体を動かすときの反応経路として正しいものはどれか。,目→感覚神経→脳→脊髄→運動神経→運動器官,目→感覚神経→脊髄→脳→脊髄→運動神経→運動器官,目→感覚神経→脳→運動神経→運動器官,目→感覚神経→運動神経→運動器官,1
1019,2,biology,生物,熱いものにふれて思わず手をひっこめる反応の経路はどれか。,感覚器官→感覚神経→脊髄→脳→運動神経→運動器官,感覚器官→感覚神経→脳→運動神経→運動器官,感覚器官→感覚神経→脊髄→運動神経→運動器官,感覚器官→脊髄→運動器官,3
1020,2,biology,生物,次のうち、反射の例ではないものはどれか。,熱いやかんにふれて手をひっこめた,食べ物を見ると唾液が出た,外が暑かったので上着を１枚ぬいだ,ひざをたたくと足が動いた,3
1021,2,biology,生物,反射のしくみは、主に何のために役立っているか。,運動効率を上げるため,危険から身を守るため,神経伝達速度を上げるため,末梢神経の機能を確認するため,2
1022,2,biology,生物,骨格の役割として、体を支える以外に何があるか。,体温を調節する,食物を消化する,脳や内臓などの保護,血液の循環を行う,3
1023,2,earth,地学,空気があたためられるとどうなるか。,下降する,上昇する,流れていく,凝縮する,2
1024,2,earth,地学,空気に含まれる水蒸気が冷やされてできる水滴や、0℃以下でできる氷の粒を何というか。,雲粒,雲水,氷粒,水粒,1
1025,2,earth,地学,雲ができるとき、水蒸気は空気中でどのようになるか。,昇華する,蒸発する,凝結する,沸騰する,3
1026,2,earth,地学,雲ができるためには、どのような空気の流れが必要か。,上昇気流,下降気流,季節風,海陸風,1
1027,2,earth,地学,雲ができる実験で使われる道具はどれか。,電子レンジ,気圧計,ピストン,スポイト,3
1028,2,earth,地学,空気が山の斜面にそって上昇すると何ができやすいか。,雪,雨,雲,雷,3
1029,2,earth,地学,空気の温度が下がると水蒸気はどうなるか。,蒸発する,凝縮する,沸騰する,昇華する,2
1030,2,earth,地学,水の循環において、何によって起こされているか。,凝縮,下降気流,上昇気流,太陽のエネルギー,4
1031,2,earth,地学,地表付近で空気中の水蒸気が冷やされ、水滴となって視界が悪くなる現象は何か。,露,霧,霰,雨,2
1032,2,earth,地学,水の循環に関係しないものはどれか。,蒸発,凝結,蒸散,沈殿,4
1033,2,earth,地学,雲ができやすいのはどのような場所か。,上昇気流がある場所,海の上,森林の中,山のふもと,1
1034,2,earth,地学,氷の粒から始まる雲ができるのはどの温度より下のときか。,－10℃,－5℃,0℃,5℃,3
1035,2,earth,地学,霧の発生しやすい時間帯はいつか。,昼すぎ,夕方から夜にかけて,深夜から早朝にかけて,朝から正午にかけて,3
1036,2,earth,地学,空気が膨張すると温度はどうなるか。,上がる,下がる,変わらない,一時的に上がる,2
1037,2,earth,地学,雲をつくる実験でフラスコ内に線香の煙を入れる理由は何か。,空気の流れを視認するため,熱を発生させるため,水滴の核とするため,圧力を上げるため,3
1038,2,earth,地学,雲ができるとき、水滴の核となるものは何か。,空気,ちりやほこり,酸素,窒素,2
1039,2,earth,地学,雲ができるときの水滴の核を何というか。,雲核,蒸気核,凝結核,雲粒,3
1040,2,earth,地学,雨や雪などをまとめて何というか。,霧,水蒸気,雲,降水,4
1041,2,earth,地学,雪ができるしくみとして正しいものはどれか。,氷の粒が柔らかくなる,水滴が落下中に凍る,氷の粒が途中でとけずに落ちてくる,雲の中で水滴が合体する,3
1042,2,earth,地学,雲ができる場所として誤っているものはどれか。,上昇気流のある場所,山の斜面,暖気と寒気がぶつかる場所,高気圧の中心付近,4
1043,2,earth,地学,空気が物体を押す作用を何というか。,空気力,空圧,気圧（大気圧）,パスカル,3
1044,2,earth,地学,気圧の単位は何か。,hN,N,HPa,hPa,4
1045,2,earth,地学,気圧の単位hPaは何というか。,パスカル,ヘクトパスカル,ハンドレッドパスカル,ヘンリーパスカル,2
1046,2,earth,地学,海面上の気圧を1気圧としたとき、約何hPaはか。,約980hPa,約1000hPa,約1013hPa,約10130hPa,3
1047,2,earth,地学,1hPaは何Paか。,0.01Pa,0.1Pa,10Pa,100Pa,4
1048,2,earth,地学,高度が高くなると気圧が低くなるのはなぜか。,空気の量が多いため,気温が高くなるため,上にある空気の重さが大きくなるため,上にある空気の重さが小さくなるため,4
1049,2,earth,地学,気圧の性質として誤っているものはどれか。,気圧は物体の面に対して垂直にはたらく,気圧はあらゆる方向に同じ大きさではたらく,気圧は地球上すべて同じである,高度が高いほど気圧は低くなる,3
1050,2,earth,地学,単位面積あたりの面を垂直に押す力を何というか。,圧力,垂力,押力,推力,1
1051,2,earth,地学,圧力の単位はPaやhPa以外に何があるか。,g/m²,kg/m²,N/㎡,N/m,3
1052,2,earth,地学,圧力を求める計算式はどれか。,力÷体積,力÷面積,力×面積,重さ×面積,2
1053,2,earth,地学,重さ10Nの物体を2㎡の面に置いたときの圧力はいくつか。,0.2Pa,0.5Pa,5Pa,20Pa,3
1054,2,earth,地学,10000Paの圧力が0.02㎡の面に対してはたらくとき、この面を押す力はいくつか。,0.2N,2N,20N,200N,4
1055,2,earth,地学,重さ5Nの物体が100Paの圧力をかけているとき、接している面の面積はいくつか。,0.05㎡,0.5㎡,5㎡,50㎡,1
1056,2,earth,地学,1hPaは何N/㎡か。,0.1N/㎡,1N/㎡,10N/㎡,100N/㎡,2
1057,2,earth,地学,水を入れたペットボトルをスポンジの上に置くとき、へこみが大きくなる置き方は。,横にして置く,ペットボトルのふたを下にして置く,ペットボトルの底を下にして置く,どの置き方でも、へこみの大きさは変わらない,2
1058,2,earth,地学,圧力について、物体の接する面積が小さいほどどうなるか。,小さくなる,変わらない,大きくなる,分からない,3
1059,2,earth,地学,ある直方体について、面Aが24㎠、面Bが48㎠、面Cが72㎠のとき、圧力が最も大きくなるのはどの面を下にしたときか。,面A,面B,面C,どの面でも同じ,1
1060,2,earth,地学,空気中に含むことができる最大の水蒸気量を何というか。,飽和水蒸気量,飽和水溶液,飽和量,限界水蒸気量,1
1061,2,earth,地学,飽和水蒸気量は気温が高くなるほどどうなるか。,小さくなる,変わらない,大きくなる,分からない,3
1062,2,earth,地学,空気を冷やしていくと水蒸気が水滴に変わり始める温度を何というか。,凝結点,飽和点,凝固点,露点,4
1063,2,earth,地学,空気1㎥中に含まれる水蒸気量の割合を百分率（％）で表したものを何というか。,飽和水蒸気量,湿度,質量パーセント濃度,濃度,2
1064,2,earth,地学,湿度を求める式として正しいものはどれか。,飽和水蒸気量÷水蒸気量×100,水蒸気量×飽和水蒸気量×100,水蒸気量÷飽和水蒸気量×100,（水蒸気量－飽和水蒸気量）×100,3
1065,2,earth,地学,湿度が100％のとき、空気中に含まれている水蒸気量はどのような状態か。,全く含まれていない,飽和水蒸気量と等しい,非常に少ない,飽和水蒸気量より多い,2
1066,2,earth,地学,湿度が50％のときの空気中の水蒸気量は、飽和水蒸気量のどのくらいか。,半分より多い,半分より少ない,ちょうど半分,ゼロ,3
1067,2,earth,地学,気温25℃、飽和水蒸気量23.1g/㎥、水蒸気量12.8g/㎥のときの湿度は約何％か。,約55％,約65％,約75％,約85％,1
1068,2,earth,地学,露点の測定に使う金属製のコップに入れるのはどれか。,温水,お湯,水道水,氷水,4
1069,2,earth,地学,露点の測定で、コップの外側がくもり始めたときの温度は何を示すか。,凝結点,飽和点,凝固点,露点,4
1070,2,earth,地学,露点をはかる実験で、金属製のコップに水を入れ、水温と気温の温度がほぼ同じになるようにする。どんな水を入れるか。,氷水,水道水,くみ置きした水,蒸留水,3
1071,2,earth,地学,露点に達した空気の湿度は何％か。,0,0.5,0.8,1,4
1072,2,earth,地学,露点に達した空気をさらに冷やした時、湿度はどうなるか。,高くなる,低くなる,変わらない（100%）,0%になる,3
1073,2,earth,地学,露点に達した空気をさらに冷やした時、飽和水蒸気量を超えた分の水蒸気量はどうなるか。,消える,水滴となる,蒸発する,空気に含んだまま変わらない,2
1074,2,earth,地学,露点に達した空気を温めたとき、湿度はどうなるか。,高くなる,低くなる,変わらない,100%になる,2
1075,2,earth,地学,空気が10℃のときの水蒸気量と20℃のときの水蒸気量が等しい時、どちらの方が湿度は高いか。,20℃のとき,同じ,わからない,10℃のとき,4
1076,2,earth,地学,天気記号を使って地図上に記入して表す図を何というか。,天気用図,天気記号図,天気図,気象図,3
1077,2,earth,地学,等圧線は何hPaごとに引かれるか。,2hPa,4hPa,5hPa,10hPa,2
1078,2,earth,地学,低気圧はどのようなところにできるか。,気圧が高いところ,等圧線が開いているところ,気圧が低いところ,気温が高いところ,3
1079,2,earth,地学,風の向きはどのように決められるか。,雲の流れで決まる,気温の差で決まる,風の吹く（向かう）方向で決まる,風が吹いてくる方向で決まる,4
1080,2,earth,地学,雲量とは何を表したものか。,雲の数,雲の高さ,空全体に占める雲の割合,雨の降る可能性,3
1081,2,earth,地学,気圧の測定に用いられる道具はどれか。,乾湿計,風力計,アネロイド気圧計,雨量計,3
1082,2,earth,地学,湿度は、乾湿計の乾球の示度と何の差から求めるか。,湿球の示度,温球の示度,気球の示度,圧球の示度,1
1083,2,earth,地学,乾湿計を使い湿度を求めるときに使用する表を何というか。,湿度クロス表,乾湿度表,乾湿表,湿度表,4
1084,2,earth,地学,AMeDASで観測される気象要素でないものはどれか。,気温,湿度,風速,雲量,4
1085,2,earth,地学,AMeDASの正式名称として正しいものはどれか。,地域気象観測システム,自動気象記録装置,日本気象観測網,雨量自動測定システム,1
1086,2,earth,地学,天気記号〇は何を示すか。,雨,快晴,くもり,雪,2
1087,2,earth,地学,天気記号◎は何を示すか。,快晴,雷,雨,くもり,4
1088,2,earth,地学,天気記号●は何を示すか。,雷,雨,くもり,快晴,2
1089,2,earth,地学,天気記号⦿は何を示すか。,霧,あられ,ひょう,雷,1
1090,2,earth,地学,天気記号◒は何を示すか。,みぞれ,霧,雷,雪,3
1091,2,earth,地学,風向の方位は全部でいくつか。,4方位,8方位,12方位,16方位,4
1092,2,earth,地学,風力の強さの階級はいくつあるか。,8階級,10階級,13階級,15階級,3
1093,2,earth,地学,天気記号に風力と風向を表すはねをつけたものを何というか。,風力図,天気記号図,気象記号,天気図記号,4
1094,2,earth,地学,低気圧や高気圧の分布の様子を何というか。,気象要素,気圧配置,等圧図,天気の様子,2
1095,2,earth,地学,雲量や雨量、風向、風速などをまとめて何というか。,気圧分布,気象配置,気象要素,気候要素,3
1096,2,earth,地学,風力を表す数値で最も小さい値は何か。,－1,0,0.1,1,2
1097,2,earth,地学,風力を表す数値で最も大きい値は何か。,12,13,14,15,1
1098,2,earth,地学,雲量が0～1のときの天気は何か。,快晴,はれ,くもり,雨,1
1099,2,earth,地学,晴れのときの雲量の条件は何か。,0～1,2～6,2～8,5～8,3
1100,2,earth,地学,雲量が9～10のときの天気記号は何か。,〇,●,◎,◒,3
1101,2,earth,地学,気圧の測定に用いられる道具はどれか。,AMeDAS,アネロイド計測器,アネロイド計,水銀気圧計,4
1102,2,earth,地学,湿度の計測器を何というか。,温度計,乾湿計,気圧計,AMeDAS,2
1103,2,earth,地学,乾球の示度は何と同じか。,気温,湿度,露点,気圧,1
1104,2,earth,地学,乾球の示度と湿球の示度の関係は何か。,湿球の方が高い,同じになる,乾球の方が高い,関係は特にない,3
1105,2,earth,地学,乾球と湿球の示度の差が0のときの湿度は何%か。,0,0.5,0.9,1,4
1106,2,earth,地学,晴れた日の気温の変化について、気温が最も低くなる時間帯はいつごろか。,朝方（日の出ごろ）,昼過ぎ（午後2時ごろ）,夕方（午後7時ごろ）,夜中,1
1107,2,earth,地学,晴れた日の気温の変化について、最も高くなる時間帯はいつごろか。,朝方（日の出ごろ）,昼過ぎ（午後2時ごろ）,夕方（午後7時ごろ）,夜中,2
1108,2,earth,地学,雨の日の気温の変化について正しいものはどれか。ただし、前線の通過時は考えないものとする。,一日中高くなる,一日中低くなる,午前中に急に上がる,1日を通して変化は小さい,4
1109,2,earth,地学,晴れた日の湿度の変化について、最も高くなる時間帯はいつごろか。,朝方（日の出ごろ）,昼過ぎ（午後2時ごろ）,夕方（午後7時ごろ）,夜中,1
1110,2,earth,地学,雨の日の湿度の変化について正しいものはどれか。,朝方だけ高い,昼に下がる,夕方に下がる,1日中高い,4
1111,2,earth,地学,気圧について、晴れた日と雨の日ではどちらが高いか。,雨の日,比較できない,晴れた日,どちらも同じ,3
1112,2,earth,地学,晴れた日の朝方（日の出ごろ）の気温が最も低いのはなぜか。,雨が降るから,空気が湿っているから,熱が地面に集まるから,地面の熱が宇宙空間に逃げるため,4
1113,2,earth,地学,地面の熱が宇宙空間に逃げる現象を何というか。,熱放出,放射冷却,冷却現象,対流冷却,2
1114,2,earth,地学,気温が上がると、湿度はどうなるか。,上がる,下がる,上がるときと下がるときがある,変化しない,2
1115,2,earth,地学,乾湿計を使う上で誤っているのは何か。,地上から約1.5mの高さで計る,風通しのよいところで計る,直射日光を当てずに（日かげで）計る,湿球は一度濡らし、乾かしてから計る,4
1116,2,earth,地学,乾湿計の湿球の示度が乾球の示度より低くなるのはなぜか。,湿球が日陰にあるため,湿球に風を当てるため,湿球を濡れたガーゼで巻いているため,湿球が金属製だから,3
1117,2,earth,地学,湿球を濡れたガーゼで巻いておくことで乾球の示度より湿球の示度は低くなる。それはなぜか。,濡れたガーゼのまわりの空気が冷えているため,水が蒸発するときに熱を奪うため,湿球が濡れているため,湿球の熱がガーゼに奪われるため,2
1118,2,earth,地学,等圧線の間隔が広いほど、風はどうなるか。,強くなる,弱くなる,強くも弱くもなる,風は吹かない,2
1119,2,earth,地学,高気圧の中心では、風はどのように流れるか。,時計回りにふき出す,反時計回りにふき出す,時計回りにふきこす,反時計回りにふきこす,1
1120,2,earth,地学,低気圧の中心では、風はどのように動くか。,時計回りにふき出す,反時計回りにふき出す,時計回りにふきこす,反時計回りにふきこす,4
1121,2,earth,地学,高気圧の中心では、空気はどのように動いているか。,上昇気流が生じる,下降気流が生じる,動きはない,乱れている,2
1122,2,earth,地学,低気圧の中心では、空気はどのように動いているか。,上昇気流が生じる,下降気流が生じる,動きはない,乱れている,1
1123,2,earth,地学,気団とは何か。,気温が同じ空気のかたまり,あたたかい空気のかたまり,同じ性質をもつ空気のかたまり,大きな雲のかたまり,3
1124,2,earth,地学,前線面とは何か。,気団と地面が接する面,異なる性質同士の気団が接する面,気団と宇宙の境目が接する面,気団と等圧線が接する面,2
1125,2,earth,地学,前線の通過にともない、激しい雨が短時間に降ることが多いのはどの前線か。,温暖前線,寒冷前線,停滞前線,閉塞前線,2
1126,2,earth,地学,温暖前線が通過した後の天気はどうなるか。,気温が下がる,天気が回復する,雨が激しくなる,雲が増える,2
1127,2,earth,地学,日本付近で、低気圧や前線の進む方向は一般にどうなるか。,南から北,東から西,西から東,北から南,3
1128,2,earth,地学,温暖前線の進む方向にある空気のかたまりはどれか。,暖気団,寒気団,湿気団,乾気団,2
1129,2,earth,地学,閉塞前線はどのようにしてできるか。,寒気団が暖気団に押し負ける,寒冷前線が温暖前線に追いつき、重なる,高気圧が低気圧にぶつかる,前線が地面に接しないとき,2
1130,2,earth,地学,停滞前線の特徴として正しいものはどれか。,急な天気の変化がある,雨が短時間でやむ,同じ場所にとどまり続ける,風が止む,3
1131,2,earth,地学,高気圧ではなぜ晴れやすいか。,雲が発生しやすいから,気圧が高いから,上昇気流が起こるから,下降気流で雲ができにくいから,4
1132,2,earth,地学,低気圧の周辺ではなぜ雨が降りやすいか。,気温が高くなるから,上昇気流で雲ができやすいから,風が強く吹くから,気圧が低くなるから,2
1133,2,earth,地学,前線面が地表に接しているところを何というか。,前線接面,接面,前線,前線域,3
1134,2,earth,地学,温暖前線によって発達する雲は何か。,積乱雲,高積雲,乱層雲,層積雲,3
1135,2,earth,地学,温暖前線ができるのはどんなときか。,寒気が暖気をおし上げるとき,暖気が寒気の上にはい上がるとき,寒気と暖気が混ざるとき,高気圧が接近したとき,2
1136,2,earth,地学,寒冷前線によって発達する雲は何か。,積乱雲,乱層雲,高層雲,巻雲,1
1137,2,earth,地学,寒冷前線ができるのはどんなときか。,寒気が暖気をおし上げるとき,暖気が寒気の上にはい上がるとき,寒気と暖気が混ざるとき,高気圧が接近したとき,2
1138,2,earth,地学,停滞前線の特徴は何か。,雨が降らない,長期間にわたり、晴れの日が続く,雲ができない,長期間にわたり、雨やくもりの日が続く,4
1139,2,earth,地学,寒冷前線と温暖前線では、どちらが速いか。,温暖前線,寒冷前線,同じ速さ,状況による,2
1140,2,earth,地学,中緯度帯で発生し、前線を伴う低気圧を特に何というか。,熱帯低気圧,台風,寒帯低気圧,温帯低気圧,4
1141,2,earth,地学,温暖前線通過前や通過時に降る雨はどんな雨か。,狭い範囲に激しい雨が短時間降る,広範囲に穏やかな雨が長時間降る,狭い範囲に穏やかな雨が長時間降る,広範囲に激しい雨が短時間降る,2
1142,2,earth,地学,温暖前線の通過前の風向はどれか。,南寄りの風,北寄りの風,東寄りの風,西寄りの風,3
1143,2,earth,地学,温暖前線の通過後、天気はどうなるか。,気温が上がり、雨が降る,気温が下がり、天気が回復する,気温が下がり、雨が降る,気温が上がり、天気が回復する,4
1144,2,earth,地学,温暖前線の通過後の風向はどれか。,南寄りの風,北寄りの風,東寄りの風,西寄りの風,1
1145,2,earth,地学,寒冷前線通過時の雨の特徴はどれか。,狭い範囲に激しい雨が短時間降る,広範囲に穏やかな雨が長時間降る,狭い範囲に穏やかな雨が長時間降る,広範囲に激しい雨が短時間降る,1
1146,2,earth,地学,寒冷前線通過時の風向はどれか。,南寄りの風,北寄りの風,東寄りの風,西寄りの風,1
1147,2,earth,地学,寒冷前線の通過後、天気はどうなるか。,気温が急に上がり、天気は急に回復する,気温が急に下がり、天気は急に回復する,気温が急に下がり、雨が降り始める,気温が急に上がり、雨が降り始める,2
1148,2,earth,地学,寒冷前線の通過後の風向はどれか。,南寄りの風,北寄りの風,東寄りの風,西寄りの風,2
1149,2,earth,地学,日本の天気は一般にどこからどこへ移り変わるか。,北から南へ,東から西へ,南から北へ,西から東へ,4
1150,2,earth,地学,寒気と暖気ではどちらの方が密度は大きいか。,暖気,寒気,同じ,状況による,2
1151,2,earth,地学,地球の大気の動きは何によって影響を受けているか。,月の引力,太陽のエネルギー,地球の重力,地熱のエネルギー,2
1152,2,earth,地学,シベリア気団の特徴は何か。,暖かく湿っている,冷たく湿っている,冷たく乾燥している,暖かく乾燥している,3
1153,2,earth,地学,日本上空の風はどの方向に吹くか。,南から北,北から南,西から東,東から西,3
1154,2,earth,地学,冬の季節風が日本海側にもたらす天気はどれか。,晴れ,くもり,雪,雷,3
1155,2,earth,地学,夏の季節風はどのように吹くか。,北西寄り,北東寄り,南西寄り,南東寄り,4
1156,2,earth,地学,海岸近くで昼間に吹く風を何というか。,陸風,海風,季節風,偏西風,2
1157,2,earth,地学,海岸近くで夜間に吹く風を何というか。,陸風,海風,季節風,偏西風,1
1158,2,earth,地学,冬に発達する日本付近の気団は何か。,オホーツク海気団,シベリア気団,小笠原気団,揚子江気団,2
1159,2,earth,地学,日本付近で冷たく湿った気団はどれか。,オホーツク海気団,シベリア気団,小笠原気団,揚子江気団,1
1160,2,earth,地学,小笠原気団の特徴は何か。,暖かく湿っている,冷たく湿っている,冷たく乾燥している,暖かく乾燥している,1
1161,2,earth,地学,オホーツク海気団の特徴は何か。,暖かく湿っている,冷たく湿っている,冷たく乾燥している,暖かく乾燥している,2
1162,2,earth,地学,揚子江気団の特徴は何か。,暖かく湿っている,冷たく湿っている,冷たく乾燥している,暖かく乾燥している,4
1163,2,earth,地学,日本付近の気団で、温かく湿っている気団は何か。,小笠原気団,揚子江気団,シベリア気団,オホーツク海気団,1
1164,2,earth,地学,日本付近の気団で、温かく乾燥している気団は何か。,小笠原気団,揚子江気団,シベリア気団,オホーツク海気団,2
1165,2,earth,地学,日本付近の気団で、冷たく乾燥している気団は何か。,小笠原気団,揚子江気団,シベリア気団,オホーツク海気団,3
1166,2,earth,地学,日本付近の気団で、冷たく湿っている気団は何か。,小笠原気団,揚子江気団,シベリア気団,オホーツク海気団,4
1167,2,earth,地学,中緯度帯の上空の西から東へ吹く強い風を何というか。,偏西風,貿易風,季節風,海陸風,1
1168,2,earth,地学,大陸と海洋のあたたまり方の違いにより発生する、季節の特徴的な風を何というか。,偏西風,貿易風,海陸風,季節風,4
1169,2,earth,地学,冬の季節風はどのように吹くか。,北西寄り,北東寄り,南西寄り,南東寄り,1
1170,2,earth,地学,冬の季節風はどの気団の影響か。,小笠原気団,揚子江気団,シベリア気団,オホーツク海気団,3
1171,2,earth,地学,夏の季節風はどの気団の影響か。,小笠原気団,揚子江気団,シベリア気団,オホーツク海気団,1
1172,2,earth,地学,海岸付近で吹く、大陸と海上のあたたまり方の違いにより発生する風を何というか。,海陸風,陸海風,季節風,貿易風,1
1173,2,earth,地学,海風が吹くとき、陸上と海上の気圧の特徴は？,海上の方が気圧は低い,陸上の方が気圧は低い,どちらの気圧も同じ大きさになる,どちらも高い,2
1174,2,earth,地学,陸風が吹くとき、陸上と海上のどちらで上昇気流が発生するか。,海上,陸上,どちらにも発生する,どちらも発生しない,1
1175,2,earth,地学,あたたまりやすさと冷えやすさについて、陸上ではどうか。,あたたまりやすく、冷めやすい,あたたまりにくく、冷めにくい,あたたまりやすく、冷めにくい,あたたまりにくく、冷めやすい,1
1176,2,earth,地学,あたたまりやすさと冷えやすさについて、海上ではどうか。,あたたまりやすく、冷めやすい,あたたまりにくく、冷めにくい,あたたまりやすく、冷めにくい,あたたまりにくく、冷めやすい,2
1177,2,earth,地学,冬型の気圧配置はどれか。,西高東低,東高西低,南高北低,北高南低,1
1178,2,earth,地学,冬の季節風が太平洋側にもたらす天気はどれか。,湿度の高い晴天,気温が低く、雨や雪がよく振る,乾燥した晴天,雷が多い,3
1179,2,earth,地学,冬の季節風が日本海を渡るとき何が起こるか。,雨が降り続ける,気温が急激に下がる,雪が降りやすくなる,大量の水蒸気を含み、雲ができる,4
1180,2,earth,地学,春と秋の特徴として正しいものはどれか。,移動性低気圧と高気圧が西から東へ交互に日本上空を通過する,移動性低気圧と低気圧が西から東へ交互に日本上空を通過する,移動性高気圧と低気圧が西から東へ交互に日本上空を通過する,移動性高気圧と高気圧が西から東へ交互に日本上空を通過する,3
1181,2,earth,地学,春と秋の天気の特徴はどれか。,短期間に急激に天気が変わる,4～7日間の周期で天気が変わる,長期間安定して晴れる,豪雨が続く,2
1182,2,earth,地学,つゆ（梅雨）と秋雨の時期に発生する前線はどれか。,温暖前線,寒冷前線,停滞前線,閉塞前線,3
1183,2,earth,地学,つゆ（梅雨）と秋雨の時期に停滞前線が発生する理由は何か。,オホーツク海気団と小笠原気団の勢力がつり合うため,オホーツク海気団とシベリア気団の勢力がつり合うため,シベリア気団と小笠原気団の勢力がつり合うため,日本付近の4つの気団の勢力がつり合うため,1
1184,2,earth,地学,停滞前線の名前として正しい組はどれか。,春雨前線・秋雨前線,梅雨前線・秋雨前線,春雨前線・梅雨前線,梅雨前線・秋冬前線,2
1185,2,earth,地学,夏型の気圧配置はどれか。,西高東低,東高西低,南高北低,北高南低,3
1186,2,earth,地学,夏の天気の特徴はどれか。,気温が上がり、蒸し暑い晴天,気温が上がり、乾燥した晴れ,雨が多く湿度が高い晴天,気温や天気が周期的に変わる,1
1187,2,earth,地学,夏に太平洋上で発生する高気圧を何というか。,熱帯高気圧,温帯高気圧,ハワイ高気圧,太平洋高気圧,4
1188,2,earth,地学,低緯度帯の海上で発生した熱帯低気圧がある最大風速を超えると何と呼ばれるか。,台風,暴風,嵐,大嵐,1
1189,2,earth,地学,台風は低緯度帯の海上で発生する低気圧がもとになる。この低気圧の名前は何か。,温帯低気圧,熱帯低気圧,亜熱帯低気圧,南東低気圧,2
1190,2,earth,地学,熱帯低気圧が台風となる条件の最大風速はいくつか。,秒速12.5m以上,秒速15.2m以上,秒速17.2m以上,秒速17.5m以上,3
1191,2,earth,地学,台風の勢力が弱まるとどうなるか。,温帯高気圧になる,高気圧になる,消滅する,温帯低気圧になる,4
1192,2,earth,地学,太平洋高気圧は他に何というか。,南太平洋高気圧,小笠原高気圧,東日本高気圧,温帯高気圧,2
1193,2,earth,地学,気圧の低下などの影響で海面が異常に上昇する現象を何というか。,高潮,津波,海面上昇,引潮,1
1194,2,earth,地学,自然災害を予測し、その被害の範囲や避難場所を地図上に示したものを何というか。,ハザードマップ,災害予報マップ,危険予測図,避難経路図,1
1195,3,physics,物理,水圧は水のどのような条件で大きくなるか。,水の温度が高いほど,深さが浅いほど,深さが深いほど,水面に近いほど,3
1196,3,physics,物理,同じ深さであれば、水圧はどの方向にはたらくか。,上向きのみ,下向きのみ,横向きのみ,あらゆる向き,4
1197,3,physics,物理,浮力は物体に対してどの向きにはたらくか。,上向き,下向き,横向き,あらゆる向き,1
1198,3,physics,物理,浮力の大きさの求め方として正しいものはどれか。,空気中でのばねばかりの値［N］－水中でのばねばかりの値［N］,水中でのばねばかりの値［N］,水中でのばねばかりの値［N］－空気中でのばねばかりの値［N］,空気中でのばねばかりの値［N］＋水中でのばねばかりの値［N］,1
1199,3,physics,物理,力の合成とは何か。,複数の力を打ち消すこと,複数の力を1つの力に置き換えること,複数の力の和を0Nとすること,1つの力を同じはたらきをする複数の力に分けること,2
1200,3,physics,物理,同じ向きの2力の合成の大きさはどうなるか。,変わらない,積になる,差になる,和になる,4
1201,3,physics,物理,反対向きの2力の合成の大きさはどうなるか。,変わらない,積になる,差になる,和になる,3
1202,3,physics,物理,斜面に物体を置いたとき、力はどのように分解されるか。,斜面に垂直な方向と平行な方向に分解される,斜面に垂直な方向とその反対方向に分解される,斜面に平行な方向とその反対方向に分解される,分解されることはない（分解は不可能である）,1
1203,3,physics,物理,分力を図で表すとき、どのような図形を使うか。,三角形,正方形,平行四辺形,直角三角形,3
1204,3,physics,物理,水の重さによって生じる圧力を何というか。,水力,水圧,水重圧,水力圧,2
1205,3,physics,物理,水中にある物体の面に対して、水圧はどのようにはたらくか。,平行にはたらく,斜めにはたらく,垂直にはたらく,無作為な方向にはたらく,3
1206,3,physics,物理,水中にある物体について、上面と下面にはたらく水圧ではどちらが大きいか。,上面,下面,同じ,深さに関係ない,2
1207,3,physics,物理,水中の物体の上面と下面にはたらく水圧の差によって生じる力を何というか。,水圧力,反重力,水圧差,浮力,4
1208,3,physics,物理,浮力の大きさは何に等しいか。,物体が押しのけた分の水の体積,水中の深さと物体の体積の積,物体が押しのけた分の水にはたらく重力,物体の下面の水圧により生じる力,3
1209,3,physics,物理,水中にある物体の体積が大きいほど、浮力はどうなるか。,小さくなる,変わらない（一定である）,大きくなる,不規則である,3
1210,3,physics,物理,物体が水中に完全に沈んでいるとき、さらに深く沈めたら浮力はどうなるか。,小さくなる,変わらない（一定である）,大きくなる,不規則である,2
1211,3,physics,物理,水中に完全に沈んだ物体を手で放したら浮き上がった。このときの浮力と重力の関係はどれか。,浮力＝重力,浮力＜重力,浮力＞重力,重力＝０　浮力＝一定,3
1212,3,physics,物理,水中に完全に沈んだ物体を手で放したら沈んだままだった。このときの浮力と重力の関係はどれか。,浮力＝重力,浮力＜重力,浮力＞重力,重力＝０　浮力＝一定,2
1213,3,physics,物理,10Nの物体を水中に沈めたとき、ばねばかりの値が6Nだった。このときの浮力はどれか。,16N,10N,6N,4N,4
1214,3,physics,物理,ばねばかりにつけた物体が水中で静止しているとき、はたらく重力とつり合っている力はどれか。,ばねばかりが引く力＋浮力,浮力のみ,ばねばかりが引く力ー浮力,ばねばかりが引く力のみ,1
1215,3,physics,物理,水中の物体は押しのけた水の重力と同じ大きさの浮力を受ける。この原理を何というか。,サンブナンの法則,流体利用原理,アルキメデスの原理,パスカルの原理,3
1216,3,physics,物理,ばねばかりに物体をつけて水中に完全に沈めたとき、その値はさらに深く沈めるとどうなるか。,小さくなる,変わらない（一定である）,大きくなる,不規則である,2
1217,3,physics,物理,1つの物体にはたらく複数の力を1つの力に置き換えることを何というか。,力の合成,力の分解,力の合体,力の削減,1
1218,3,physics,物理,力の合成によってできた1つの力を何というか。,合力,分力,主力,合成力,1
1219,3,physics,物理,反対向きの2力の合成で、合力の向きはどうなるか。,小さい方の力の向き,2力の間の方向,大きい方の力の向き,常に右向き,3
1220,3,physics,物理,角度をもってはたらく2力の合力をある図形の対角線で表す方法は何というか。,力の正方形の法則,力の長方形の法則,力のひし形射の法則,力の平行四辺形の法則,4
1221,3,physics,物理,1つの力を、同じはたらきをする2つの力に分けることを何というか。,力の合成,力の分解,力の合体,力の削減,2
1222,3,physics,物理,力の分解によってできた複数の力を何というか。,合力,分力,主力,分解力,2
1223,3,physics,物理,角度をもった2力の合成について、2力のなす角が小さくなると合力はどうなるか。,小さくなる,変わらない（一定である）,大きくなる,不規則である,3
1224,3,physics,物理,1つの力を2つに分解するとき、分力のなす角を大きくすればするほど分力はどうなるか。,小さくなる,変わらない（一定である）,大きくなる,不規則である,3
1225,3,physics,物理,速さの公式はどれか。,時間 ÷ 距離,距離 × 時間,距離 ÷ 時間,距離 ÷ 時間²,3
1226,3,physics,物理,記録タイマーで記録された点の間隔が広いとき、物体の運動はどうか。,遅い,一定,速い,停止している,3
1227,3,physics,物理,斜面上で物体が受ける力のうち、運動の向きに沿ってはたらく力はどれか。,重力の斜面に平行な分力,重力,重力の斜面に垂直な分力,垂直抗力,1
1228,3,physics,物理,斜面の角度が大きいほど、物体の速さ増え方はどうなるか。,小さくなる,変わらない（一定である）,大きくなる,不規則である,3
1229,3,physics,物理,だんだん遅くなる運動はどのようなときに起こるか。,力がまったくないとき,進行方向と逆向きの力がはたらくとき,向きに関係なく、一定の力がはたらくとき,進行方向と同じ向きの力がはたらくとき,2
1230,3,physics,物理,運動している物体に力がはたらいていないか、力がつり合っているとき、どんな運動をするか。,等加速度直線運動,等速運動,等速直線運動,直線運動,3
1231,3,physics,物理,等速直線運動している物体の移動距離は時間に対してどうなるか。,比例する,反比例している,2乗に比例する,大小変化する,1
1232,3,physics,物理,物体が動いているときも止まっているときも、外から力を加えなければその状態を続けようとする性質を何というか。,常性,慣性,不変性,維持性,2
1233,3,physics,物理,作⽤と反作⽤の関係として正しいものはどれか。,⼀方向にはたらく,つねに同じ物体にかかる,⼤きさが等しく向きが反対,同じ向きではたらく,3
1234,3,physics,物理,⼈が壁を押すとき、壁が⼈を押し返す⼒を何というか。,作用,反作用,反発力,慣性力,2
1235,3,physics,物理,作⽤と反作⽤は、同じ物体にはたらくか。,はたらく,はたらかない,場合による,わからない,2
1236,3,physics,物理,グラフで直線の傾きが一定な「時間と移動距離の関係」を表す運動はどれか。,等加速度直線運動,等速運動,等速直線運動,直線運動,3
1237,3,physics,物理,ある距離を一定の速さで進んだとして求めた速さを何というか。,平均の速さ,瞬間の速さ,直線の速さ,突発の速さ,1
1238,3,physics,物理,ごく短い時間に移動した距離をもとに求めた速さを何というか。,平均の速さ,瞬間の速さ,直線の速さ,突発の速さ,2
1239,3,physics,物理,瞬間の速さの例として正しいものはどれか。,スタートダッシュ後の10m区間の速さ,100mを移動するの際の速さ,スピードメーターに表示される速さ,１秒間での移動距離をもとに求めた速さ,3
1240,3,physics,物理,運動している物体に一定の大きさの力がはたらき続けるとき、速さはどうなるか。,だんだん速くなる,だんだん遅くなる,速さは一定になる,速さは大きくなる,1
1241,3,physics,物理,一定時間ごとにテープを打点する装置を何というか。,テープ記録装置,測定器,電動タイマー,記録タイマー,4
1242,3,physics,物理,記録タイマーについて、東日本では1秒間に何回打点するか。,40回,50回,60回,100回,2
1243,3,physics,物理,記録タイマーについて、西日本では1秒間に何回打点するか。,40回,50回,60回,100回,3
1244,3,physics,物理,一定時間ごとに発光し、運動の記録を撮影できる装置はどれか。,フラッシュカメラ,ストロボスコープ,スコープ,オシロスコープ,2
1245,3,physics,物理,斜面上の台車で、斜面の角度を大きくすると速さの増え方が大きくなる理由はどれか。,重力の影響が弱くなるから,空気抵抗が小さくなるから,重力の斜面に平行な分力が大きくなるから,重力の斜面に垂直な分力が大きくなるから,3
1246,3,physics,物理,物体が真下に落ちる運動を何というか。,等加速度直線運動,等速直線運動,自由落下（自由落下運動）,登録運動,3
1247,3,physics,物理,だんだん遅くなる運動の原因となる力の例として正しいものはどれか。,重力,気圧,質量,摩擦力,4
1248,3,physics,物理,等速直線運動している物体の「時間と速さ」の関係のグラフはどうなるか。,原点を通る右上がり,原点を通る右下がり,横軸に平行,縦軸に平行,3
1249,3,physics,物理,等速直線運動している物体の「時間と移動距離」の関係のグラフはどうなるか。,原点を通る右上がり,原点を通る右下がり,横軸に平行,縦軸に平行,1
1250,3,physics,物理,それまでの運動の状態を続けようとする法則を何というか。,保存の法則,ニュートンの法則,慣性の法則,作用・反作用の法則,3
1251,3,physics,物理,慣性の法則が成り立つとき、物体にはたらく力はどうなっているか。,空気抵抗だけはたらいている,合力が0になっている,合力が大きい,一定の力がはたらき続いている,2
1252,3,physics,物理,慣性の法則が成り立つとき、物体にはたらく力はどうなっているか。,力がはたらいていない,1つの力だけはたらいている,反作用がなくなっている,一定の力がはたらき続いている,1
1253,3,physics,物理,慣性の例として誤っているものはどれか。,バスの発車時に体が後ろに倒れる,車の急ブレーキで体が前に倒れる,だるま落とし,電車が走行中に揺れない,4
1254,3,physics,物理,人が壁を押すと同時に壁が人を押す力がはたらく。この法則は何か。,保存の法則,ニュートンの法則,慣性の法則,作用・反作用の法則,4
1255,3,physics,物理,人が壁を押すと同時に壁が人を押すとき、人が壁を押す力を何というか。,作用,反作用,反発力,慣性力,1
1256,3,physics,物理,物体に力を加えて、その力の向きに物体を移動させたとき、力は物体に何をしたというか。,運動,移動,仕事,慣性,3
1257,3,physics,物理,仕事の大きさを求める式はどれか。,力の大きさ［N］ × 力の向きへの移動距離［m］,力の大きさ［N］ ÷ 物体の移動にかかった時間［s］,物体の移動の速さ［m/s］ × 物体の質量［g］,質量［g］× 力の大きさ［N］,1
1258,3,physics,物理,3Nの力で物体を0.2m持ち上げたときの仕事の大きさはどれか。,0.6J,3.2J,6J,15J,1
1259,3,physics,物理,床の上の物体を水平方向に動かすときに加える力の大きさは何に等しいか。,重力,垂直抗力,摩擦力,空気抵抗,3
1260,3,physics,物理,物体に力を加えても、物体が動いていないときの仕事について正しいものはどれか。,仕事をしたことになる,仕事をしたことにはならない,物体に仕事が蓄えられる,物体の持つ仕事が減少する,2
1261,3,physics,物理,仕事の単位はどれか。,J,W,N,kW,1
1262,3,physics,物理,仕事率の単位はどれか。,J,W,N,kW,2
1263,3,physics,物理,1秒間に1Jの仕事をする仕事率はどれか。,1W,10W,60W,100W,1
1264,3,physics,物理,仕事率を求める式はどれか。,力の大きさ［N］ ÷ 物体の移動にかかった時間［s］,物体の移動の速さ［m/s］ ÷ 物体の移動距離［m］,仕事 ［J］÷ かかった時間［s］,物体の移動距離［m］ ÷ 物体の移動の速さ［m/ss］,3
1265,3,physics,物理,「仕事をした」と言える条件として正しいものはどれか。,物体に力を加えて止まった,物体が動いたが力がなかった,力を加えたが物体は静止していた,力を加えた向きに物体が動いた,4
1266,3,physics,物理,物体を最小限の力で持ち上げるとき、加える力は何と同じ大きさか。,摩擦力,垂直抗力,重力,質量［g］× 力の大きさ［N］,3
1267,3,physics,物理,400gの物体を50cmの高さまで持ち上げるときの仕事は何Jか。ただし、質量100gの物体にはたらく重力の大きさを1Nとする。,2J,4J,20J,200J,1
1268,3,physics,物理,物体を持って水平方向に歩いたとき、物体に仕事をしたといえるか。,仕事をしたと言える,一部だけ仕事をしたと言える,条件によるため分からない,仕事をしたとは言えない,4
1269,3,physics,物理,氷の上にストーンが滑っているとき、仕事の大きさはどれか。,0J,1J,-1J,分からない,1
1270,3,physics,物理,水平面上の物体を0.4m動かして8Jの仕事をした。摩擦力の大きさはどれか。,2N,3.2N,5N,20N,4
1271,3,physics,物理,道具を使っても手で直接する場合でも仕事の大きさが変わらない原理を何というか。,パスカルの原理,アルキメデスの原理,エネルギーの原理,仕事の原理,4
1272,3,physics,物理,道具を使った場合の仕事の方が少し大きくなる理由として正しいものはどれか。,気温が低下したため,力が加わらないから,道具の重さに対する仕事がはたらくため,温度が上がるため,3
1273,3,physics,物理,物体を定滑車で引き上げるときに必要な力は、直接持ち上げるときと比べてどうなるか。,半分になる,同じになる,倍になる,3倍になる,2
1274,3,physics,物理,12Nの物体を動滑車で持ち上げるときの必要な力はどれか。,6N,12N,18N,24N,1
1275,3,physics,物理,動滑車を使って物体を10m持ち上げるとき、ひもを引く長さはどれか。,5m,10m,15m,20m,4
1276,3,physics,物理,定滑車と動滑車を使った仕事を比較するとどうなるか。,動滑車の方が仕事が小さい,どちらも同じ仕事になる,定滑車の方が小さい,比較できない,2
1277,3,physics,物理,仕事率を求める式として正しいものはどれか。,力の大きさ［N］ × 物体の移動距離［m］,力の大きさ［N］ ÷ 仕事にかかった時間［s］,力の大きさ［N］×物体が動く速さ［m/s］,力の大きさ［N］× 仕事にかかった時間［s］,3
1278,3,physics,物理,仕事率が大きいほど、一定時間内にできる仕事の大きさはどうなるか。,ゼロになる,小さくなる,変わらない,大きくなる,4
1279,3,physics,物理,電気による仕事の能率を表す量はどれか。,電圧,電流,電力,電力量,3
1280,3,physics,物理,消費電力100V-20Wのモーターを100Vで10秒間仕事をしたとき何Jか。,2J,20J,100J,200J,4
1281,3,physics,物理,20Nの物体を3m/sの速さで持ち上げたときの仕事率はどれか。,0.15W,17W,23W,60W,4
1282,3,physics,物理,Aさんの仕事率が10W、Bさんが20Wだった。このとき、能率が良いのはどちらか。,Aさん,Bさん,同じ,わからない,2
1283,3,physics,物理,速さ10m/sで引っ張ったとき仕事率が40Wだった。このときの力の大きさはどれか。,0.25N,4N,40N,400N,2
1284,3,physics,物理,200Jの仕事に25秒かかったとき、仕事率はどれか。,5W,8W,25W,50W,2
1285,3,physics,物理,仕事の原理が成り立たない例として正しいものはどれか。,滑車を使った仕事,輪軸を使った仕事,氷の上に物体を滑らせる仕事,てこを使った仕事,3
1286,3,physics,物理,6Nの物体を2m持ち上げる仕事を、斜面上を3Nの力で引いて同じ高さまで移動させる場合、必要な距離は何mか。,1m,2m,4m,12m,3
1287,3,physics,物理,他の物体に仕事をすることができる物体がもっているものは何か。,重力,ジュール,エネルギー,質量,3
1288,3,physics,物理,エネルギーの単位として正しいものはどれか。,N,Pa,W,J,4
1289,3,physics,物理,高い位置にある物体がもっているエネルギーを何というか。,運動エネルギー,位置エネルギー,力学的エネルギー,摩擦エネルギー,2
1290,3,physics,物理,位置エネルギーの大きさは何が大きいほど大きくなるか。,高さと質量,質量と体積,高さと密度,質量と速さ,1
1291,3,physics,物理,同じ高さから軽いおもりと重いおもりをそれぞれくいに落とすとき、より深くくいを打ちこむのはどちらか。,軽いおもり,重いおもり,どちらも同じ,この条件では判断できない,2
1292,3,physics,物理,同じ質量の物体を高い位置と低い位置それぞれからくいに落とすとき、くいをより深く打ち込むのはどちらか。,低い位置から,高い位置から,どちらも同じ,この条件では判断できない,2
1293,3,physics,物理,運動している物体がもっているエネルギーを何というか。,運動エネルギー,位置エネルギー,力学的エネルギー,摩擦エネルギー,1
1294,3,physics,物理,運動エネルギーの大きさは何が大きいほど大きくなるか。,高さと質量,質量と体積,高さと密度,質量と速さ,4
1295,3,physics,物理,力学的エネルギーとは、位置エネルギーと何の和か。,光エネルギー,熱エネルギー,運動エネルギー,音エネルギー,3
1296,3,physics,物理,力学的エネルギーの保存とは何か。,エネルギーが時間とともに増えること,位置エネルギーと運動エネルギーの和が一定に保たれること,エネルギーが失われること,エネルギーが減少しないこと,2
1297,3,physics,物理,力学的エネルギーが保存されるのはどのようなときか。,空気の抵抗があるとき,摩擦が強いとき,摩擦や空気の抵抗がほとんどないとき,音や熱を発するとき,3
1298,3,physics,物理,振り子の運動において、最も高い位置では何のエネルギーが最大か。,運動エネルギー,位置エネルギー,音エネルギー,摩擦エネルギー,2
1299,3,physics,物理,振り子の運動において、最も低い位置では何のエネルギーが最大か。,運動エネルギー,位置エネルギー,音エネルギー,摩擦エネルギー,1
1300,3,physics,物理,力学的エネルギーの大きさは、物体が行う何の大きさによってはかれるか。,質量,高さ,移動距離,仕事,4
1301,3,physics,物理,力学的エネルギーをもつ物体は、他の物体に何をすることができるか。,破壊,強化,エネルギーの譲渡,仕事,4
1302,3,physics,物理,位置エネルギーは何に比例するか。,物体の速さ,物体の高さ,物体の密度,物体の体積,2
1303,3,physics,物理,位置エネルギーは何に比例するか。,物体の密度,物体の体積,物体の質量,物体の速さ,3
1304,3,physics,物理,運動エネルギーは何に比例するか。,物体の密度,物体の体積,物体の質量,物体の高さ,3
1305,3,physics,物理,運動エネルギーは物体の速さとどのような関係にあるか。,速さに比例,速さの2乗に比例,速さの逆数に比例,速さに反比例,2
1306,3,physics,物理,ジェットコースターが急降下しているときに減少しているエネルギーはどれか。,運動エネルギー,位置エネルギー,音エネルギー,摩擦エネルギー,2
1307,3,physics,物理,ジェットコースターが急降下しているときに増加しているエネルギーはどれか。,運動エネルギー,位置エネルギー,音エネルギー,摩擦エネルギー,1
1308,3,physics,物理,振り子の運動において最も高い位置で糸を切るとおもりはどうなるか。,真上に上昇した後、（自由）落下する,斜めに飛んでいく,糸の方へ動く,真下に（自由）落下する,4
1309,3,physics,物理,エネルギーの種類として正しくないものはどれか。,位置エネルギー,熱エネルギー,圧力エネルギー,弾性エネルギー,3
1310,3,physics,物理,水が落下して羽根車を回すとき、どのようなエネルギーの変換が起こるか。,運動エネルギー→熱エネルギー,位置エネルギー→熱エネルギー,位置エネルギー→運動エネルギー,水エネルギー→運動エネルギー,3
1311,3,physics,物理,ガスの燃焼によってお湯を沸かすときのエネルギーの変換はどれか。,化学エネルギー→運動エネルギー,運動エネルギー→熱エネルギー,位置エネルギー→運動エネルギー,化学エネルギー→熱エネルギー,4
1312,3,physics,物理,光電池（太陽電池）で得られるエネルギーの変換はどれか。,光エネルギー→電気エネルギー,熱エネルギー→電気エネルギー,化学エネルギー→電気エネルギー,光エネルギー→運動エネルギー,1
1313,3,physics,物理,エネルギーは他のエネルギーに変換されても、合計の大きさが変わらないことを何というか。,変換効率（エネルギー変換効率）,エネルギーの効率性,エネルギーの保存,力学的エネルギーの保存,3
1314,3,physics,物理,エネルギーを変換したとき、もとのエネルギーに対する目的のエネルギーへの変換された割合を何というか。,エネルギー効率,変換効率（エネルギー変換効率）,エネルギー維持率,変換保持率,2
1315,3,physics,物理,熱が物体の中を直接伝わる現象を何というか。,対流（熱対流）,放射（熱放射）,伝導（熱伝導）,放熱,3
1316,3,physics,物理,高温の物体が赤外線などの光を出して空間をへだてて熱を伝える現象を何というか。,対流（熱対流）,放射（熱放射）,伝導（熱伝導）,放熱,2
1317,3,physics,物理,あたためられた気体や液体が上部に移動して全体が循環する熱の伝わり方を何というか。,対流（熱対流）,放射（熱放射）,伝導（熱伝導）,放熱,1
1318,3,physics,物理,あたためられた気体が上昇するのはなぜか。,膨張し、密度が大きくなるため,膨張し、密度が小さくなるため,収縮し、密度が大きくなるため,収縮し、密度が小さくなるため,2
1319,3,physics,物理,「電気エネルギー → 光エネルギー」の変換効率が大きい順に並べたものはどれか。,白熱電球、蛍光灯、LED電球,蛍光灯、LED電球、白熱電球,LED電球、白熱電球、蛍光灯,LED電球、蛍光灯、白熱電球,4
1320,3,physics,物理,変形したばねやゴムがもつエネルギーを何というか。,運動エネルギー,弾性エネルギー,化学エネルギー,位置エネルギー,2
1321,3,physics,物理,ウランなどの核燃料が核分裂するときに発生するエネルギーを何というか。,光エネルギー,化学エネルギー,核エネルギー,熱エネルギー,3
1322,3,chemistry,化学,原子の構造に関して、原子核は何で構成されているか。,陽子と中性子,陽子と電子,電子と中性子,中性子のみ,1
1323,3,chemistry,化学,陽イオンはどれか。,Cl⁻,H₂,H₂O,H⁺,4
1324,3,chemistry,化学,塩化水素の水溶液を電気分解するとき、陰極で発生する物質はどれか。,酸素,水素,塩素,ナトリウム,2
1325,3,chemistry,化学,原子全体の電気的性質はどうなっているか。,＋の電気が帯電している,－の電気が帯電している,電気を帯びていない,＋の電気も－の電気も帯電している,3
1326,3,chemistry,化学,電子は原子のどこにあるか。,原子核の中,陽子の外側,原子核のまわり,原子の中心,3
1327,3,chemistry,化学,陽イオンとはどのような粒子か。,電子を受け取った原子,中性の原子,電子を失った原子,中性子の多い原子,3
1328,3,chemistry,化学,陰イオンとはどのような粒子か。,電子を受け取った原子,中性の原子,電子を失った原子,中性子の多い原子,1
1329,3,chemistry,化学,電解質の水溶液の例として適切なものはどれか。,砂糖水,エタノール水,精製水,食塩水,4
1330,3,chemistry,化学,非電解質の水溶液の例として正しいものはどれか。,食塩水,塩酸,エタノール水,水酸化ナトリウム水溶液,3
1331,3,chemistry,化学,水に溶かすと電気を通す物質はどれか。,非電解質,電解質,伝導体,電気伝導体,2
1332,3,chemistry,化学,電解質の水溶液で電流が流れるのはなぜか。,分子が電気を流すから,イオンが動くから,水が電気を流すから,原子が移動するから,2
1333,3,chemistry,化学,H⁺が引き寄せられるのはどこか。,陽極,陰極,近い方の電極,遠い方の電極,2
1334,3,chemistry,化学,中性子の数が異なるもの同士の元素を何というか。,同素体,異元素,同位体,同原子,3
1335,3,chemistry,化学,原子の集団がイオンになったものを何というか。,多原子イオン,多原子分子,多原子集団,多イオン集団,1
1336,3,chemistry,化学,電子を受け取った、または失った数と種類を元素記号の右上に表すとき、この数を何というか。,帯電数,電荷数,価数,電子数,3
1337,3,chemistry,化学,電解質または非電解質を水に溶かして電流が流れるかを調べるとき、使用する水は何か。,水道水,精製水（蒸留水）,水溶液,海水,2
1338,3,chemistry,化学,物質を水に溶かしたとき、陽イオンと陰イオンに分かれることを何というか。,分解,解離,分離,電離,4
1339,3,chemistry,化学,水溶液中にイオンがあるとき、電流は流れるか。,流れない,少しだけ流れる,流れる,条件による,3
1340,3,chemistry,化学,塩化ナトリウムの電離の様子を表す化学反応式はどれか。,NaCl → Na + Cl,NaCl → Na⁺ + Cl⁻,NaCl → Na⁻ + Cl⁺,NaCl → Na⁺Cl⁻,2
1341,3,chemistry,化学,Cl⁻を何というか。,塩素イオン,塩化物イオン,塩素物イオン,塩陰イオン,2
1342,3,chemistry,化学,Na⁺を何というか。,ナトリウムイオン,ナトリウム陽イオン,プラスナトリウム,ナトリウム化物イオン,1
1343,3,chemistry,化学,電気分解の実験後、電極はどう洗うか。,水道水で洗う,酸で洗う,精製水（蒸留水）で洗う,アルコールで拭く,3
1344,3,chemistry,化学,非電解質の水溶液は電気分解できるか。,できる,できない,状況による,少しだけできる,2
1345,3,chemistry,化学,塩化銅水溶液の電気分解で、陰極側の様子はどうか。,水素が発生する,何も起こらない,塩素が発生する,銅が付着する,4
1346,3,chemistry,化学,塩化銅水溶液の電気分解で、陽極側の様子はどうか。,水素が発生する,何も起こらない,塩素が発生する,銅が付着する,3
1347,3,chemistry,化学,塩化銅水溶液は何色か。,無色,赤色,青色,黄色,3
1348,3,chemistry,化学,塩化銅水溶液の電気分解を進めると、水溶液の色はどうなるか。,青色がだんだん濃くなる,青色がだんだんうすくなる,赤色がだんだん濃くなる,赤色がだんだんうすくなる,2
1349,3,chemistry,化学,塩化銅水溶液の電気分解で発生する銅は何色か。,無色,青色,黒色,赤かっ色（赤色）,4
1350,3,chemistry,化学,塩化銅水溶液の電気分解で発生する塩素の性質として誤っているものはどれか。,刺激臭がある,漂白作用がある,水に溶けにくい,殺菌作用がある,3
1351,3,chemistry,化学,塩化銅の電離の様子を表す式はどれか。,CuCl₂ → Cu + 2Cl,CuCl₂ → Cu²⁺ + 2Cl⁻,CuCl₂ → Cu²⁺ + Cl²⁻,CuCl₂ → Cu²⁺ + Cl₂⁻,2
1352,3,chemistry,化学,銅イオンが銅原子になる様子を表す化学式はどれか。,Cu²⁺ + 2e⁻ → Cu,Cu → Cu²⁺ + 2e⁻,Cu + e⁻ → Cu⁻,Cu⁺ + e⁻ → Cu,1
1353,3,chemistry,化学,塩化物イオンが塩素原子になる様子を表す化学式はどれか。,Cl⁻ → Cl,Cl⁻ + e⁻ → Cl,Cl⁻ → Cl + e⁻,Cl²⁻ → Cl + 2e⁻,3
1354,3,chemistry,化学,塩化銅水溶液の電気分解の様子を表す化学反応式はどれか。,CuCl → Cu²⁺ + Cl²⁻,CuCl → Cu + Cl,CuCl₂ → Cu²⁺ + 2Cl⁻,CuCl₂ → Cu + Cl₂,4
1355,3,chemistry,化学,塩酸の溶質は何か。,塩素,酸化塩素,塩化銅,塩化水素,4
1356,3,chemistry,化学,塩酸の電気分解の様子を表す化学反応式はどれか。,HCl → H⁺ + Cl⁻,2HCl → H₂ + Cl₂,HCl → H + Cl,2HCl → 2H⁺ + 2Cl⁻,2
1357,3,chemistry,化学,塩化水素の電離を表す化学式はどれか。,HCl → H⁺ + Cl⁻,2HCl → H₂ + Cl₂,HCl → H + Cl,2HCl → 2H⁺ + 2Cl⁻,1
1358,3,chemistry,化学,塩酸の電気分解で、陰極側に発生する気体は何か。,酸素,塩素,水素,二酸化炭素,3
1359,3,chemistry,化学,酸の電気分解で、陽極側に発生する気体は何か。,酸素,塩素,水素,二酸化炭素,2
1360,3,chemistry,化学,塩酸の電気分解で、陽極側に赤いインクを垂らすとどうなるか。,赤いインクが濃くなる,赤いインクは消える,インクが黄色に変化する,変化しない,2
1361,3,chemistry,化学,塩酸の電気分解で、陽極側に集まった気体の量が少なかったのはなぜか。,発生する塩素の量が少なかったため,塩素が空気中に逃げたため,塩素が水に溶けたため,水素が多く発生したため,3
1362,3,chemistry,化学,水素イオンが水素原子になる様子を表す化学式はどれか。,H⁺ → H,H → H⁺ + e⁻,H⁺ + e⁻ → H,2H → H₂,3
1363,3,chemistry,化学,酸性の水溶液に共通してふくまれるイオンはどれか。,水素イオン,水酸化物イオン,ナトリウムイオン,塩化物イオン,1
1364,3,chemistry,化学,酸性の水溶液に共通してふくまれるイオンはどれか。,H⁺,OH⁻,Na⁺,Cl⁻,1
1365,3,chemistry,化学,アルカリ性の水溶液に共通してふくまれるイオンはどれか。,水素イオン,水酸化物イオン,ナトリウムイオン,塩化物イオン,2
1366,3,chemistry,化学,アルカリ性の水溶液に共通してふくまれるイオンはどれか。,H⁺,OH⁻,Na⁺,Cl⁻,2
1367,3,chemistry,化学,次のうち、酸の例として正しいものはどれか。,NaOH,KOH,HCl,Ca(OH)₂,3
1368,3,chemistry,化学,次のうち、アルカリの例として正しいものはどれか。,HCl,HNO₃,H₂SO₄,NaOH,4
1369,3,chemistry,化学,酸とアルカリを混ぜると、互いの性質を打ち消し合ってできるものはどれか。,塩,水,水と二酸化炭素,塩と水,4
1370,3,chemistry,化学,中和とは、何と何が結びつく反応か。,Na⁺とCl⁻,H⁺とCl⁻,H⁺とOH⁻,Na⁺とOH⁻,3
1371,3,chemistry,化学,中和のときにできる「塩」とは何か。,酸と酸が反応してできる物質,アルカリとアルカリが反応してできる物質,酸の陰イオンとアルカリの陽イオンが結びついた物質,酸の陽イオンとアルカリの陰イオンが結びついた物質,3
1372,3,chemistry,化学,塩酸と水酸化ナトリウムの中和でできる塩はどれか。,硫酸ナトリウム,硝酸カリウム,塩化ナトリウム,炭酸カルシウム,3
1373,3,chemistry,化学,BTB溶液を加えて酸性を示すときの色はどれか。,黄,緑,青,赤,1
1374,3,chemistry,化学,BTB溶液を加えて中性を示すときの色はどれか。,黄,緑,青,赤,2
1375,3,chemistry,化学,BTB溶液を加えてアルカリ性を示すときの色はどれか。,黄,緑,青,赤,3
1376,3,chemistry,化学,硫酸の電離を表す化学式はどれか。,H₂SO₄ → 2H⁺ + SO₄²⁻,HSO₄ → H⁺ + SO₄⁻,H₂SO₄ → 2H⁺ + SO₄⁻,H₂SO₄ → 2H⁻ + SO₄²⁺,1
1377,3,chemistry,化学,水酸化ナトリウムの電離を表す化学式はどれか。,NaOH → Na⁺ + OH⁻,NaOH → Na⁻ + OH⁺,NaOH → H⁺ + NaO⁻,2NaOH → Na₂O + H₂O,1
1378,3,chemistry,化学,酸性の水溶液にマグネシウムを入れるとどうなるか。,反応しない,水が発生する,塩ができる,水素が発生する,4
1379,3,chemistry,化学,アルカリ性の水溶液にマグネシウムを入れるとどうなるか。,反応しない,水が発生する,塩ができる,水素が発生する,1
1380,3,chemistry,化学,酸性の水溶液に亜鉛を入れるとどうなるか。,反応しない,水が発生する,塩ができる,水素が発生する,4
1381,3,chemistry,化学,アルカリ性の水溶液に亜鉛を入れるとどうなるか。,反応しない,水が発生する,塩ができる,水素が発生する,4
1382,3,chemistry,化学,酸性の水溶液をpH試験紙に付けるとどうなるか。,青色になる,黄～赤色になる,無色になる,黒色になる,2
1383,3,chemistry,化学,アルカリ性の水溶液をpH試験紙に付けるとどうなるか。,青色になる,黄～赤色になる,無色になる,黒色になる,1
1384,3,chemistry,化学,アルカリは別の言い方で何というか。,酸,塩,塩基,塩化物,3
1385,3,chemistry,化学,酸性やアルカリ性の強さを表す数値を何というか。,電離度,水素濃度,pH,pHp,3
1386,3,chemistry,化学,pHとは何か。,酸性の強さのみを表す数値,アルカリ性の強さのみを表す数値,酸性やアルカリ性の強さを表す数値,化学反応の速度,3
1387,3,chemistry,化学,pHの値は何をもとに決まるか。,水素イオンの個数,水素イオンの濃度,電離度,電離濃度,2
1388,3,chemistry,化学,pHの値はどの範囲か。,0～7,0～10,0～14,1～14,3
1389,3,chemistry,化学,pHが7のとき、水溶液の性質は何か。,酸性,アルカリ性,中性,不明,3
1390,3,chemistry,化学,ある水溶液が酸性のとき、pHの値として正しいものはどれか。,3,7,9,11,1
1391,3,chemistry,化学,ある水溶液がアルカリ性のとき、pHの値の範囲として正しいのはどれか。,0～6,1～6,6～14,8～14,4
1392,3,chemistry,化学,塩酸に電圧を加えたとき、陰極に引かれるイオンはどれか。,塩化物イオン,水酸化物イオン,水素イオン,ナトリウムイオン,3
1393,3,chemistry,化学,水酸化ナトリウム水溶液に電圧を加えたとき、陽極に引かれるイオンはどれか。,ナトリウムイオン,水酸化物イオン,水素イオン,塩化物イオン,2
1394,3,chemistry,化学,石けん水の性質はどれか。,酸性,アルカリ性,中性,不明,2
1395,3,chemistry,化学,次のうち、アルカリ性を示すものはどれか。,レモン汁,炭酸水,石灰水,食酢,3
1396,3,chemistry,化学,レモン汁は何性か。,酸性,アルカリ性,中性,不明,1
1397,3,chemistry,化学,次のうち、酸性を示すものはどれか。,石けん水,炭酸水,水道水,石灰水,2
1398,3,chemistry,化学,食塩水の性質はどれか。,酸性,アルカリ性,中性,不明,3
1399,3,chemistry,化学,次のうち、中性を示すものはどれか。,水道水,砂糖水,炭酸水,石けん水,2
1400,3,chemistry,化学,塩酸にBTB溶液を加え、水酸化ナトリウム水溶液を少しずつ加えると、BTBの色はどう変化するか。,青色⇒緑色⇒黄色,黄色⇒緑色⇒青色,緑色⇒青色⇒黄色,黄色⇒青色⇒緑色,2
1401,3,chemistry,化学,水酸化ナトリウム水溶液にBTB溶液を加え、塩酸を少しずつ加えると、BTBの色はどう変化するか。,青色⇒緑色⇒黄色,黄色⇒緑色⇒青色,緑色⇒青色⇒黄色,黄色⇒青色⇒緑色,1
1402,3,chemistry,化学,酸とアルカリが互いに性質を打ち消し合う化学変化を何というか。,酸化,還元,中和,電離,3
1403,3,chemistry,化学,塩酸と水酸化ナトリウム水溶液の中和の化学反応式として正しいものはどれか。,HCl₂ + 2NaOH → 2NaCl + H₂ + O₂,HCl + NaOH → NaCl + H₂O,HCl + NaOH → H₂O + Na + Cl,HCl + NaOH → NaCl + H⁺ + OH⁻,2
1404,3,chemistry,化学,硝酸と水酸化カリウム水溶液の中和の化学反応式はどれか。,HNO₃ + KOH → KNO₃ + H₂O,HNO₂ + KOH → K + H₂O + NO₂,HNO₃ + K(OH)₂ → 2H₂O + KNO₃,H₂NO₃ + 2KOH → 2H₂O + K₂NO₃,1
1405,3,chemistry,化学,硫酸と水酸化バリウム水溶液の中和の化学反応式はどれか。,H₂SO₄ + Ba(OH) → BaHSO₄ + H₂O,H₂SO₄ + Ba(OH)₂ → BaSO₄ + 2H₂O,HSO₄ + BaOH → BaSO₄ + H₂O,H₂SO₄ + Ba(OH)₂ → 2H₂O + BaSO₂ + O₂,2
1406,3,chemistry,化学,炭酸水と石灰水の中和反応式はどれか。,H₂CO₃ + Ca(OH)₂ → CaCO₃ + 2H₂O,HCO₃ + CaOH → CaCO + H₂O + O₂,H₂CO₃ + Ca(OH)₂ → CaO + 2H₂O + CO₂,H₂CO + Ca(OH)₂ → CaCO + 2H₂O,1
1407,3,chemistry,化学,塩酸に水酸化ナトリウム水溶液を加え続けると、減少するイオンはどれか。,水素イオン,ナトリウムイオン,水酸化物イオン,塩化物イオン,1
1408,3,chemistry,化学,塩酸に水酸化ナトリウム水溶液を加え続けると、数が変わらないイオンはどれか。,水素イオン,ナトリウムイオン,水酸化物イオン,塩化物イオン,4
1409,3,chemistry,化学,塩酸に水酸化ナトリウム水溶液を加え続けると、増加し続けるイオンはどれか。,水素イオン,ナトリウムイオン,水酸化物イオン,塩化物イオン,2
1410,3,chemistry,化学,塩酸に水酸化ナトリウム水溶液を加え、中性になった後から増加するイオンはどれか。,水素イオン,ナトリウムイオン,水酸化物イオン,塩化物イオン,3
1411,3,chemistry,化学,硫酸と水酸化バリウムの中和でできる沈殿は何色か。,青色,黒色,白色,赤かっ色,3
1412,3,chemistry,化学,石灰水に二酸化炭素を通すと白くにごる。この白いにごりの正体は何か。,硫酸カルシウム,炭酸カルシウム,酢酸カルシウム,水酸化カルシウム,2
1413,3,chemistry,化学,炭酸カルシウムの化学式として正しいものはどれか。,CaCO₃,CaSO₄,CaCl₂,Ca(OH)₂,1
1414,3,chemistry,化学,次のうち、水に溶けにくい塩はどれか。,硫酸カリウム,硝酸ナトリウム,硫酸カルシウム,硝酸バリウム,3
1415,3,chemistry,化学,次のうち、水に溶けにくい塩はどれか。,K₂SO₄,NaNO₃,CaSO₄,Ba(NO₃)₂,3
1416,3,chemistry,化学,BTB溶液を加えた水酸化ナトリウム水溶液30㎤に塩酸20㎤を加えると緑色になった。同じ濃度の水酸化ナトリウム水溶液15㎤の色を緑色にするには、塩酸を何㎤加えればよいか。,5㎤,10㎤,15㎤,35㎤,2
1417,3,chemistry,化学,塩酸20㎤に水酸化ナトリウム水溶液30㎤を加えると中性になった。同じ濃度の塩酸30㎤に水酸化ナトリウム水溶液を加えると中性になるのは何㎤か。,20㎤,30㎤,40㎤,45㎤,4
1418,3,chemistry,化学,化学エネルギーを電気エネルギーに変える装置を何というか。,検流計,モーター（電動機）,電池（化学電池）,発電機,3
1419,3,chemistry,化学,電池ができる条件として不必要なものはどれか。,異なる2種類の金属,導線,電解質の水溶液,モーター,4
1420,3,chemistry,化学,マグネシウム、亜鉛、銅のうち、イオンになりやすい順として正しいものはどれか。,Cu > Zn > Mg,Zn > Cu > Mg,Mg > Zn > Cu,Cu > Mg > Zn,3
1421,3,chemistry,化学,イオンになりやすい金属ほど、電池ではどうなるか。,＋極になる,－極になる,溶けない,電気を通さない,2
1422,3,chemistry,化学,ボルタ電池に使用する電解質の水溶液として正しいものはどれか。,砂糖水,精製水,塩酸,エタノール水,3
1423,3,chemistry,化学,ボルタ電池の－極に使われるのはどの金属か。,銅,鉄,マグネシウム,亜鉛,4
1424,3,chemistry,化学,ボルタ電池の＋極に使われるのはどの金属か。,銅,鉄,マグネシウム,亜鉛,1
1425,3,chemistry,化学,ダニエル電池の反応で、＋極ではどのような変化が起きるか。,銅が溶ける,亜鉛が溶ける,銅が付着する,水素が発生する,3
1426,3,chemistry,化学,ダニエル電池の反応で、－極ではどのような変化が起きるか。,銅が溶ける,亜鉛が溶ける,銅が付着する,水素が発生する,2
1427,3,chemistry,化学,金属がイオンになるときに失うものは何か。,電子,陽子,中性子,原子核,1
1428,3,chemistry,化学,次の中で電池の＋極に使われやすい金属はどれか。,マグネシウム,鉄,銅,亜鉛,3
1429,3,chemistry,化学,電池をつくるための金属板の組み合わせとして正しくないものはどれか。,銅板と亜鉛板,鉄板とアルミニウム板,マグネシウム板と銅板,銅板と銅板,4
1430,3,chemistry,化学,備長炭を用いた電池は何と呼ばれるか。,炭電池,木炭電池,備長炭電池,備長電池,2
1431,3,chemistry,化学,レモンやオレンジを用いた電池を何と呼ぶか。,果汁電池,酸電池,果物電池,果肉電池,3
1432,3,chemistry,化学,木炭電池で、備長炭に濃い食塩水をしみこませたろ紙を巻き、アルミニウムはくを巻いたとき、＋極になるのはどれか。,アルミニウムはく,ろ紙,食塩水,備長炭,4
1433,3,chemistry,化学,木炭電池で、備長炭に濃い食塩水をしみこませたろ紙を巻き、アルミニウムはくを巻いたとき、－極になるのはどれか。,アルミニウムはく,ろ紙,食塩水,備長炭,1
1434,3,chemistry,化学,果物電池で、レモンやオレンジに2種類の金属板をさして電池として使えるのは、果物に含まれる何のはたらきによるか。,水,クエン酸,ビタミンC,酸味,2
1435,3,chemistry,化学,イオン化傾向において、次のうち最もイオンになりやすいものはどれか。,Cu,Zn,Na,Ag,3
1436,3,chemistry,化学,イオン化傾向において、次のうち最もイオンになりにくいものはどれか。,Al,Mg,Ag,Na,3
1437,3,chemistry,化学,イオン化傾向とは、何へのなりやすさを示したものか。,電子,陽イオン,陰イオン,中性子,2
1438,3,chemistry,化学,電池に使う2種類の金属のイオン化傾向の差が大きいと、どうなるか。,電流が小さくなる,電池が使えなくなる,電流が大きくなる,電圧が下がる,3
1439,3,chemistry,化学,熱や光のエネルギーを電気エネルギーに変える装置を何というか。,化学電池,乾電池,物理電池,運動電池,3
1440,3,chemistry,化学,硫酸銅水溶液に反応しない金属はどれか。,銅,亜鉛,マグネシウム,銅・亜鉛・マグネシウムのすべて,4
1441,3,chemistry,化学,硫酸亜鉛水溶液に反応し、亜鉛が付着する金属はどれか。,銅,亜鉛,マグネシウム,銅・亜鉛・マグネシウムのすべて,3
1442,3,chemistry,化学,硫酸マグネシウム水溶液に反応しない金属はどれか。,銅,亜鉛,マグネシウム,銅・亜鉛・マグネシウムのすべて,4
1443,3,chemistry,化学,電解質の水溶液に銅板と亜鉛板を入れ、導線でつないだ電池を何というか。,ダニエル電池,ボルタ電池,リチウム電池,リチウムイオン電池,2
1444,3,chemistry,化学,硫酸亜鉛水溶液と硫酸銅水溶液をセロハンでしきり、亜鉛板と銅板を用いた電池を何というか。,ダニエル電池,ボルタ電池,リチウム電池,リチウムイオン電池,1
1445,3,chemistry,化学,ダニエル電池がボルタ電池より優れている点はどれか。,電圧が高い,電流が大きい,電圧が低下しにくい,短時間に多くの電流が得られる,3
1446,3,chemistry,化学,ダニエル電池がボルタ電池より優れている点はどれか。,水が出る,電解質がいらない,可燃性の気体が発生しない点,電子がいらない,3
1447,3,chemistry,化学,使い捨てタイプの電池を何というか。,一次電池,二次電池,三次電池,物理電池,1
1448,3,chemistry,化学,充電して繰り返し使える電池を何というか。,一次電池,二次電池,三次電池,物理電池,2
1449,3,chemistry,化学,次のうち一次電池に含まれないものはどれか。,ボタン型電池・乾電池,酸化銀電池・リチウム電池,鉛蓄電池・リチウムイオン電池,マンガン乾電池・アルカリ乾電池,3
1450,3,chemistry,化学,次のうち二次電池でないものはどれか。,鉛蓄電池,リチウムイオン電池,リチウム電池,ニッケル水素電池,3
1451,3,chemistry,化学,水の電気分解の逆の化学変化を利用した電池はどれか。,ダニエル電池,燃料電池,水素電池,ボルタ電池,2
1452,3,chemistry,化学,燃料電池の利用例として正しいものはどれか。,自動車のバッテリー,電気自動車,携帯電話（スマートフォン）,電子オルゴール,2
1453,3,chemistry,化学,燃料電池が環境にやさしいとされる理由はどれか。,音が静かだから,水素を使用するから,水しかできないから,長持ちするから,3
1454,3,chemistry,化学,燃料電池の化学反応式として正しいものはどれか。,2H₂ + O₂ → 2H₂O,H₂ + O → H₂O,2H₂O → 2H₂ + O₂,H₂O → H₂ + O,1
1455,3,chemistry,化学,ボルタ電池の亜鉛板の様子として正しいものはどれか。,変化しない,銅が付着する,表面がボロボロになる,気体が発生する,3
1456,3,chemistry,化学,ボルタ電池の亜鉛板の表面がボロボロになる理由はどれか。,銅と反応するため,電子を受け取るため,水素が発生するため,亜鉛が水溶液中に溶け出すため,4
1457,3,chemistry,化学,ボルタ電池の銅板の様子として正しいものはどれか。,変化しない,銅が溶け出す,銅が付着する,水素が発生する,4
1458,3,chemistry,化学,ボルタ電池にうすい塩酸を使うとき、水溶液中で減少するイオンはどれか。,OH⁻,Cl⁻,H⁺,Zn²⁺,3
1459,3,chemistry,化学,ボルタ電池での電子の流れとして正しいものはどれか。,銅板から亜鉛板へ,水溶液から銅板へ,亜鉛板から銅板へ,空気中から銅板へ,3
1460,3,chemistry,化学,ボルタ電池の亜鉛板での変化を表す化学式はどれか。,Zn²⁺ → Zn + 2e⁻,Zn → Zn²⁺ + 2e⁻,Zn + 2e⁻ → Zn²⁻,Zn²⁺ + 2e⁻ → Zn,2
1461,3,chemistry,化学,ボルタ電池の銅板での変化を表す化学式はどれか。,2H⁺ + 2e⁻ → H₂,H₂ → 2H⁺ + 2e⁻,Cu → Cu²⁺ + 2e⁻,Cu²⁺ + 2e⁻ → Cu,1
1462,3,chemistry,化学,ダニエル電池で使われるセロハンや素焼きの板の役割はどれか。,電子を止めるため,電流を増やすため,溶液がすぐ混ざり合うのを防ぐため,金属を保護するため,3
1463,3,chemistry,化学,ダニエル電池で使われるセロハンや素焼きの板の役割はどれか。,電解液の量を調整するため,電気的なかたよりの発生を防ぐため,気体の発生を促すため,イオンの流れを止めるため,2
1464,3,chemistry,化学,ダニエル電池で2つの水溶液が混ざり合うとどうなるか。,電圧が上がる,電流が流れない,電圧が下がる,過電流が発生する,2
1465,3,chemistry,化学,ダニエル電池で2つの水溶液が混ざり合うとどうなるか。,電気的なかたよりが発生する,電子の流れが乱れる,電圧が急上昇する,電子が減る,1
1466,3,chemistry,化学,ダニエル電池で水溶液が混ざると電流が流れなくなるのはなぜか。,電子が失われるから,銅イオンが発生しなくなるから,銅イオンが亜鉛板から直接電子を受け取るから,電子が空気中に逃げるから,3
1467,3,chemistry,化学,ダニエル電池で水溶液が混ざると電気的なかたよりが発生するのはなぜか。,電子が移動しにくくなるため,金属が溶けなくなるため,電子がなくなるため,電解質が不足するため,1
1468,3,chemistry,化学,ダニエル電池の亜鉛板での変化を表す化学式はどれか。,Zn²⁺ → Zn + 2e⁻,Zn → Zn²⁺ + 2e⁻,Zn + 2e⁻ → Zn²⁻,Zn²⁺ + 2e⁻ → Zn,2
1469,3,chemistry,化学,ダニエル電池の銅板での変化を表す化学式はどれか。,2H⁺ + 2e⁻ → H₂,H₂ → 2H⁺ + 2e⁻,Cu → Cu²⁺ + 2e⁻,Cu²⁺ + 2e⁻ → Cu,4
1470,3,chemistry,化学,ダニエル電池で硫酸亜鉛水溶液から硫酸銅水溶液へ移動するイオンはどれか。,銅イオン,硫酸イオン,亜鉛イオン,水素イオン,3
1471,3,chemistry,化学,ダニエル電池で硫酸銅水溶液から硫酸亜鉛水溶液へ移動するイオンはどれか。,銅イオン,硫酸イオン,亜鉛イオン,水素イオン,2
1472,3,chemistry,化学,ダニエル電池で電流を流し続けると、硫酸亜鉛水溶液はどうなるか。,濃度が薄くなる,水が増える,濃度が濃くなる,気体が発生する,3
1473,3,chemistry,化学,ダニエル電池で電流を流し続けると、硫酸銅水溶液はどうなるか。,濃度が薄くなる,水が増える,濃度が濃くなる,気体が発生する,1
1474,3,chemistry,化学,ダニエル電池のセロハンや素焼きの板を通過するものはどれか。,電子,イオン,原子,銅イオンのみ,2
1475,3,biology,生物,生物の体をつくる細胞が分かれて2つになることを何というか。,成長,生殖,分離,細胞分裂,4
1476,3,biology,生物,植物の細胞分裂がさかんに行われる場所はどこか。,茎の途中,根や茎の先端付近,葉の表面,根もと,2
1477,3,biology,生物,染色体が複製されるのはいつか。,細胞分裂前,細胞分裂中,細胞分裂後,核が２つに分離したとき,1
1478,3,biology,生物,細胞分裂の観察に使われる植物の例はどれか。,タマネギの根,ホウレンソウの葉,ジャガイモの芽,トマトの実,1
1479,3,biology,生物,生物の成長とはどのようなことか。,細胞の大きさを定期的に大きくすること,細胞が数を増やし続けること,細胞の数を増やし、増えた細胞の１つ１つが大きくなることを繰り返すこと,栄養を吸収すること,3
1480,3,biology,生物,植物の根の成長点にある細胞の特徴はどれか。,細胞がどんどん大きくなる,細胞分裂しない,細胞が常に入れ替わっている,細胞分裂を盛んに行う,4
1481,3,biology,生物,生物が自分と同じ種類の新しい個体をつくることを何というか。,生殖,複製,進化,栄養,1
1482,3,biology,生物,雄と雌それぞれの生殖細胞が結びつくことを何というか。,生殖,発芽,受精,受粉,3
1483,3,biology,生物,植物の体の一部が成長し、新しい個体ができる無性生殖を何というか。,出芽,栄養生殖,クローン,分裂,2
1484,3,biology,生物,生物の体をつくる細胞をとくに何というか。,生殖細胞,神経細胞,筋細胞,体細胞,4
1485,3,biology,生物,生物の体をつくる細胞の細胞分裂をとくに何というか。,減数分裂,体細胞分裂,有性分裂,栄養分裂,2
1486,3,biology,生物,植物の根や茎の先端付近で体細胞分裂がさかんに行われる部分を何というか。,成長点,茎頂,子房,葉緑体,1
1487,3,biology,生物,動物の体細胞分裂が行われる場所はどこか。,骨髄のみ,骨髄や上皮組織など,筋肉組織のみ,表皮組織や葉肉組織など,2
1488,3,biology,生物,細胞分裂のときに核の中に見られるひものようなものを何というか。,染色体,線状体,染色線,核色体,1
1489,3,biology,生物,細胞分裂のときに染色体が見えるようになるのはなぜか。,核の透明度が高くなるため,染色体が大きくなるため,核をつつむ膜がなくなるため,核が形を変えるため,3
1490,3,biology,生物,細胞分裂前に染色体の数が2倍になることを何というか。,分裂,クローン,複製,成長,3
1491,3,biology,生物,根の先端（成長点）を保護している部分を何というか。,根毛,根冠,根端,表皮,2
1492,3,biology,生物,同じ形や大きさの染色体どうしを何というか。,相同性質体,相対染色体,相同体,相同染色体,4
1493,3,biology,生物,植物の細胞分裂時、細胞を2つに分けるために内側に現れるものは何か。,くびれ,液胞,しきり,細胞質,3
1494,3,biology,生物,動物の細胞分裂時、細胞を2つに分けるために外側に現れるものは何か。,くびれ,みぞ,しきり,すきま,1
1495,3,biology,生物,細胞分裂の前後で、細胞1つあたりの染色体の数について何がいえるか。,2倍になる,半分になる,減少する,変わらない,4
1496,3,biology,生物,染色体には、生物の形質を決めるための何があるか。,酵素,遺伝子,染色情報,遺伝,2
1497,3,biology,生物,細胞分裂の観察の過程で、根の先端付近を切り取った後に行う操作はどれか。,エタノールであたためる（エタノール処理）,お湯であたためる,うすい塩酸であたためる（塩酸処理）,冷水につける,3
1498,3,biology,生物,細胞分裂の観察で、塩酸処理の後に行う操作はどれか。,水で洗う,顕微鏡で観察する,柄つき針でほぐす,指で垂直に押しつぶす,3
1499,3,biology,生物,細胞分裂の観察で塩酸処理を行う理由はどれか。,細胞の中を透明にするため,染色体を消すため,1つ1つの細胞を離れやすくするため,染色体以外のものを溶かすため,3
1500,3,biology,生物,細胞分裂の観察で、プレパラートを垂直に押しつぶすのはなぜか,染色体を平らにするため,細胞の重なりをなくすため,細胞中の液体をなくすため,染色体を押しつぶすため,2
1501,3,biology,生物,酢酸カーミン液を使うと、細胞の核や染色体は何色に染まるか。,赤色,赤紫色,青紫色,青色,1
1502,3,biology,生物,酢酸オルセイン液を使うと、細胞の核や染色体は何色に染まるか。,赤色,赤紫色,青紫色,青色,2
1503,3,biology,生物,酢酸ダーリア液を使うと、細胞の核や染色体は何色に染まるか。,赤色,赤紫色,青紫色,青色,3
1504,3,biology,生物,細胞の核や染色体を赤色に染める染色液はどれか。,酢酸ダーリア液,酢酸オルセイン液,酢酸カーミン液,酢酸液,3
1505,3,biology,生物,細胞の核や染色体を赤紫色に染める染色液はどれか。,酢酸ダーリア液,酢酸オルセイン液,酢酸カーミン液,酢酸液,2
1506,3,biology,生物,細胞の核や染色体を青紫色に染める染色液はどれか。,酢酸ダーリア液,酢酸オルセイン液,酢酸カーミン液,酢酸液,1
1507,3,biology,生物,染色液は細胞分裂の様子を見やすくするだけでなく、他にどのような役割があるか。,細胞を活動を停止する,細胞分裂を活発にする,細胞を生きたまま固定する,核や染色体を破壊する,3
1508,3,biology,生物,動物の卵と精子、植物の卵細胞と精細胞をまとめて何というか。,体細胞,生殖細胞,成長細胞,卵精細胞,2
1509,3,biology,生物,受精によってできた細胞を何というか。,受精卵,生殖細胞,卵精細胞,栄養細胞,1
1510,3,biology,生物,自分自身の細胞だけで新しい個体をつくる生殖を何というか。,有性生殖,無性生殖,分裂生殖,複製生殖,2
1511,3,biology,生物,受精によらず、新しい個体をつくる生殖を何というか。,有性生殖,無性生殖,分裂生殖,複製生殖,2
1512,3,biology,生物,受精によって新しい個体をつくる生殖を何というか。,有性生殖,無性生殖,分裂生殖,複製生殖,1
1513,3,biology,生物,体が2つに分かれてそれぞれが個体になる無性生殖の方法を何というか。,出芽,分裂,栄養生殖,クローン,2
1514,3,biology,生物,体の一部がふくらんで分離し、新しい個体になる無性生殖の方法を何というか。,出芽,分裂,栄養生殖,クローン,1
1515,3,biology,生物,次のうち、人工的な栄養生殖の例として誤っているものはどれか。,さし木,つぎ木,種まき,取り木,3
1516,3,biology,生物,同じ遺伝子をもつ個体の集まりを何というか。,コピー,クローン,集団,群衆,2
1517,3,biology,生物,次のうち、栄養生殖するものの例として誤っているものはどれか。,ジャガイモ,サツマイモ,チューリップ,ヒドラ,4
1518,3,biology,生物,出芽するものの例として正しいものはどれか。,アメーバ,ゾウリムシ,ヒドラ,ジャガイモ,3
1519,3,biology,生物,分裂の例として正しいものはどれか。,アメーバ,ゾウリムシ,ヒドラ,ジャガイモ,1
1520,3,biology,生物,卵と精子の核が結びつくことを何というか。,合体,有性生殖,生殖,受精,4
1521,3,biology,生物,受精によってできた1つの細胞を何というか。,受精体,生殖体,受精卵,胚,3
1522,3,biology,生物,受精卵が細胞分裂をくり返し、生物の体になる過程を何というか。,胚,成長,発生,成熟,3
1523,3,biology,生物,被子植物で受粉が起こるのはどこか。,胚珠,子房,柱頭,めしべ,3
1524,3,biology,生物,減数分裂によってできる細胞は、親の体細胞に比べて染色体の数がどうなるか。,2倍,同じ,半分,ゼロ,3
1525,3,biology,生物,生殖細胞がつくられるときに行われる特別な細胞分裂を何というか。,減数分裂,栄養分裂,体細胞分裂,生殖分裂,1
1526,3,biology,生物,親の特徴が子に伝わることを何というか。,伝承,継承,伝搬,遺伝,4
1527,3,biology,生物,遺伝子は何に含まれているか。,核,細胞,生殖細胞,染色体,4
1528,3,biology,生物,遺伝子の本体として正しいものはどれか。,デオキシリボ,核酸,DNA（デオキシリボ核酸）,染色体,3
1529,3,biology,生物,雌の生殖細胞を何というか。,精子,精細胞,卵,卵細胞,3
1530,3,biology,生物,雌の卵はどこでつくられるか。,精巣,子房,卵巣,胚珠,3
1531,3,biology,生物,雄の生殖細胞を何というか。,精子,精細胞,卵,卵細胞,1
1532,3,biology,生物,雄の精子はどこでつくられるか。,精巣,子房,卵巣,胚珠,1
1533,3,biology,生物,受精卵が細胞分裂を始めてから成体になるまでの過程を何というか。,分裂体,個体,胚珠,胚,4
1534,3,biology,生物,受粉すると花粉から何が伸びるか。,花柱,花粉管,花粉根,花粉道,2
1535,3,biology,生物,花粉管は乾燥するとどうなるか。,太くなる,伸びなくなる,速く伸びる,細くなる,2
1536,3,biology,生物,植物の胚珠の中でできる生殖細胞を何というか。,精子,精細胞,卵,卵細胞,4
1537,3,biology,生物,花粉の中でできる生殖細胞を何というか。,精子,精細胞,卵,卵細胞,2
1538,3,biology,生物,花粉管の役割として正しいものはどれか。,受精卵を作る,花粉を胚珠に届ける,花粉の中の精細胞を胚珠の中の卵細胞へ運ぶ,花粉の中の卵細胞を胚珠の中の精細胞へ運ぶ,3
1539,3,biology,生物,減数分裂によってできる細胞として誤っているものはどれか。,精子,卵細胞,体細胞,精細胞,3
1540,3,biology,生物,花粉管の観察で、砂糖水を用いる理由として正しいものはどれか。,栄養を与えるため,花粉が乾燥しないようにするため,花粉が割れやすくなるため,柱頭に似た状態にするため,4
1541,3,biology,生物,花粉管の観察でプレパラートを水入りのペトリ皿に入れてふたをするのはなぜか。,水の吸収により花粉管を伸ばすため,花粉が乾燥しないようにするため,花粉が割れやすくなるため,柱頭に似た状態にするため,2
1542,3,biology,生物,生物の持つ形や性質などの特徴を何というか。,形性,形体,形質,形態,3
1543,3,biology,生物,減数分裂で対になった遺伝子が分かれて別々の生殖細胞に入ることを何というか。,分裂の法則,分離の法則,対立の法則,顕性の法則,2
1544,3,biology,生物,おしべの花粉が同じ個体のめしべの柱頭につくことを何というか。,自家受粉,他家受粉,自然交配,自然受粉,1
1545,3,biology,生物,おしべの花粉が別の個体のめしべの柱頭につくことを何というか。,自家受粉,他家受粉,自然交配,自然受粉,2
1546,3,biology,生物,自家受粉で代々同じ形質が現れる系統を何というか。,顕系,純系,対立系,優系,2
1547,3,biology,生物,どちらか一方の形質しか現れない形質どうしを何というか。,顕性形質,潜性形質,対立形質,純系形質,3
1548,3,biology,生物,遺伝の規則性を調べるために純系を使って実験を行った人物は誰か。,パスツール（フランス）,ダーウィン（イギリス）,ラマルク（フランス）,メンデル（チェコ）,4
1549,3,biology,生物,形質の異なる純系どうしを交配させたとき、子に現れる形質を何というか。,顕性形質,潜性形質,対立形質,純系形質,1
1550,3,biology,生物,形質の異なる純系どうしを交配させたとき、子に現れない形質を何というか。,顕性形質,潜性形質,対立形質,純系形質,2
1551,3,biology,生物,子に親の一方の形質だけが現れることを何というか。,分裂の法則,分離の法則,対立の法則,顕性の法則,4
1552,3,biology,生物,丸い種子の純系エンドウとしわのある種子の純系エンドウを交配させたとき、できる種子はどれか。,丸い種子のみ,丸い種子としわの種子,しわの種子のみ,わからない,1
1553,3,biology,生物,丸い種子としわの種子の純系を交配し、自家受粉させたときの割合はどれか。,丸：しわ＝1：2,丸：しわ＝2：1,丸：しわ＝3：1,丸：しわ＝1：3,3
1554,3,biology,生物,遺伝子やDNAに関する科学技術の例として誤っているものはどれか。,遺伝子組換え作物,DNA鑑定,品種改良,地震予知,4
1555,3,biology,生物,遺伝子について正しい説明はどれか。,すべての生物で同じである,世代をこえて変化しない,不変ではなく、突然変異することがある,変化せず、遺伝子情報を長期記憶している,3
1556,3,biology,生物,生物の進化を「種の起源」としてまとめた人物は誰か。,パスツール（フランス）,ダーウィン（イギリス）,ラマルク（フランス）,メンデル（チェコ）,2
1557,3,biology,生物,脊椎動物の中で最も古い時代に出現したとされるのはどれか。,哺乳類,両生類,鳥類,魚類,4
1558,3,biology,生物,脊椎動物の共通点として正しいものはどれか。,あしがある,羽がある,背骨がある,肺をもつ,3
1559,3,biology,生物,魚類→両生類→哺乳類、魚類→両生類→は虫類→鳥類といった脊椎動物の進化は、主にどのような環境への適応によるか。,陸上から水中,水中から陸上,高温への適応,飛行への適応,2
1560,3,biology,生物,被子植物の進化の流れで、最も初期に出現したのはどれか。,被子植物,裸子植物,コケ植物,シダ植物,3
1561,3,biology,生物,形は違っても基本的な骨格のつくりが似ている器官を何というか。,相同器官,相似器官,痕跡器官,共通器官,1
1562,3,biology,生物,1859年、ダーウィンが発表した、生物の進化をまとめた著作は何か。,進化論の発見,生命の歴史,種の起源,自然の設計図,3
1563,3,biology,生物,えらは水中の何を取り入れる器官か。,プランクトン,窒素,二酸化炭素,酸素,4
1564,3,biology,生物,陸上で生活する動物は、何に耐えられる体表になっているか。,気温変化,熱,乾燥,天候,3
1565,3,biology,生物,外の温度に合わせて体温を変化させる動物を何というか。,恒温動物,変温動物,常温動物,外温動物,2
1566,3,biology,生物,外の温度に関係なく体温をほぼ一定に保つ動物を何というか。,恒温動物,変温動物,常温動物,外温動物,1
1567,3,biology,生物,次のうち、変温動物の組み合わせとして正しいものはどれか。,鳥類・魚類・両生類,魚類・両生類・は虫類,は虫類・哺乳類・鳥類,魚類・鳥類・哺乳類,2
1568,3,biology,生物,次のうち、恒温動物の組み合わせとして正しいものはどれか。,魚類・哺乳類,両生類・鳥類,哺乳類・鳥類,は虫類・哺乳類,3
1569,3,biology,生物,脊椎動物は水中→水辺→陸上へと進化した。何に耐えられるようになったか。,気温変化,熱,乾燥,天候,3
1570,3,biology,生物,魚類や鳥類のように、卵を産んで子をふやす生まれ方を何というか。,卵生,胎生,卵産,胎産,1
1571,3,biology,生物,哺乳類のように、親の体内で育った子が生まれる生まれ方を何というか。,卵生,胎生,卵産,胎産,2
1572,3,biology,生物,卵生の動物のうち、殻のある卵を産む動物の組み合わせとして正しいものはどれか。,魚類・は虫類,両生類・鳥類,魚類・両生類,は虫類・鳥類,4
1573,3,biology,生物,卵生の動物のうち、殻のない卵を産む動物の組み合わせとして正しいものはどれか。,魚類・両生類,鳥類・両生類,は虫類・魚類,は虫類・鳥類,1
1574,3,biology,生物,卵の殻の主な役割はどれか。,卵を見つけやすくすること,外敵から身を守ること,内部を乾燥から守ること,内部の温度を一定に保つこと,3
1575,3,biology,生物,植物は水中で生活していた何の一部から進化したか。,菌類,コケ類,藻類,海草類,3
1576,3,biology,生物,相同器官とはどのようなものか。,形や働きが同じ器官,起源は異なるが、現在の外形やはたらきが同じ器官,起源が同じで、現在の外形やはたらきが異なる器官,起源が同じで、現在の外形やはたらきが同じ器官,3
1577,3,biology,生物,相同器官のうち、はたらきを失って形だけが残っているものを何というか。,相同器官,相似器官,痕跡器官,共通器官,3
1578,3,biology,生物,次のうち、痕跡器官の例として誤っているものはどれか。,人の尾てい骨（人の尾骨）,クジラの後ろ足の骨,鳥の翼,虫垂,3
1579,3,biology,生物,は虫類と鳥類の両方の特徴をあわせ持つとされる鳥類はどれか。,シーラカンス,始祖鳥,ハイギョ,カモノハシ,2
1580,3,biology,生物,羽毛におおわれ、鳥類の祖先とされているは虫類のなかまはどれか。,羽毛恐竜,恐竜,始祖鳥,翼竜,1
1581,3,biology,生物,絶滅したと考えられていたが発見され、「生きている化石」として注目された魚類はどれか。,シーラカンス,ハイギョ,カモノハシ,シソチョウ,1
1582,3,biology,生物,肺をもち、ひれが前足・後足のようになっている、両生類の特徴をもつ魚類はどれか。,シーラカンス,ハイギョ,カモノハシ,シソチョウ,2
1583,3,biology,生物,は虫類・鳥類・哺乳類の特徴をあわせ持つといわれる生物はどれか。,シーラカンス,ハイギョ,カモノハシ,シソチョウ,3
1584,3,earth,地学,地球は1日に何回自転しているか。,1回,2回,12回,24回,1
1585,3,earth,地学,地球はどの方向に自転しているか。,東から西,西から東,南から北,北から南,2
1586,3,earth,地学,地球の自転の中心となる線を何というか。,赤道,本初子午線,地軸,子午線,3
1587,3,earth,地学,地球の自転により、太陽はどの方向に動いて見えるか。,東から西,西から東,北から南,南から北,1
1588,3,earth,地学,天体が、球の表面に散らばったように見えるときの仮想の球体を何というか。,天板,天半球,天球,仮想天体,3
1589,3,earth,地学,観察者の真上の点を何というか。,子午線,天頂,天極,頂天,2
1590,3,earth,地学,天頂と南北の方向を結んだ線を何というか。,南北頂線,天頂線,天線,子午線,4
1591,3,earth,地学,地球の自転により、星の動きが見かけ上生じる運動を何というか。,日周運動,年周運動,恒星運動,自転運動,1
1592,3,earth,地学,日周運動で、天体は1時間に約何度動いて見えるか。,10度,15度,20度,30度,2
1593,3,earth,地学,北の空では、星はどのように動いて見えるか。,時計回り,反時計回り,上下に動く,動かない,2
1594,3,earth,地学,北極星付近を中心に、星が反時計回りに動いて見える空はどの方角か。,東の空,南の空,西の空,北の空,4
1595,3,earth,地学,太陽の南中高度が最も高くなるのはどのようなときか。,日の出（朝）,正午,日の入り（夕方）,真夜中,2
1596,3,earth,地学,太陽の動きについて正しいのはどれか。,東から昇って北の空を通り、西に沈む,西から昇って南の空を通り、東に沈む,東から昇って南の空を通り、西に沈む,南から昇って東の空を通り、北に沈む,3
1597,3,earth,地学,地球の自転により、星が東から昇って西に沈むように見える理由は何か。,地球が公転しているから,地球が東から西に自転しているから,地球が西から東に自転しているから,太陽が動いているから,3
1598,3,earth,地学,太陽が真南にくるときを何というか。,南中,南上,陽南,南来,1
1599,3,earth,地学,太陽が真南にきたときの高度を何というか。,陽南高度,南中角,南中高度,地平高度,3
1600,3,earth,地学,赤道付近で、春分または秋分の南中高度は約何度か。,約0度,約45度,約60度,約90度,4
1601,3,earth,地学,北極付近で、春分または秋分の南中高度は約何度か。,約0度,約45度,約60度,約90度,1
1602,3,earth,地学,北の空の星の動きは、何を中心にして回転しているように見えるか。,天の川,天頂,北極星付近（天の北極）,北極,3
1603,3,earth,地学,北の空で北極星がほぼ動かないように見えるのはなぜか。,周囲の星より明るく見えるため,他の星に比べて動きがかなり遅いため,子午線のほご延長線上にあるため,地軸のほぼ延長線上にあるため,4
1604,3,earth,地学,星が左から右へほぼ平行に動いているように見える空はどの方角か。,東の空,南の空,西の空,北の空,2
1605,3,earth,地学,星が地平線から右上がりに動いているように見える空はどの方角か。,東の空,南の空,西の空,北の空,1
1606,3,earth,地学,星が地平線に向かって右下がりに動いているように見える空はどの方角か。,東の空,南の空,西の空,北の空,3
1607,3,earth,地学,透明半球を使って太陽の動きを調べるとき、サインペンの先の影がどこと重なるように印をつけていくか。,東西を結んだ線上ならどこでも良い,円の北の位置,円の南の位置,円の中心（観測者の位置）,4
1608,3,earth,地学,北の空のある星が午後9時の位置から30度反時計回りに動いたとき、何時の位置にあるように見えるか。,午後10時,午後11時,午前0時,午前1時,2
1609,3,earth,地学,南の空のある星が午後10時の位置から午前1時の位置へ動いたとき、何度動いたことになるか。,30度,45度,60度,90度,2
1610,3,earth,地学,地球が太陽のまわりを回転する運動を何というか。,自転,公転,年周運動,日周運動,2
1611,3,earth,地学,地球は1年で何回公転しているか。,1回,12回,24回,360回,1
1612,3,earth,地学,地球の公転の向きは自転の向きとどうか。,同じ,逆,変化する,解明されていない,1
1613,3,earth,地学,地球の公転により、夜空で見える星座はどうなるか。,毎日同じ,季節ごとに変わる,年に1回変わる,南の星座だけ変わる,2
1614,3,earth,地学,地球が公転することによって起こる、天体の見かけの動きを何というか。,自転,公転,年周運動,日周運動,3
1615,3,earth,地学,同じ時刻に見える星の位置は1か月でどのように変わるか。,約15度動く,約30度動く,約60度動く,変わらない,2
1616,3,earth,地学,星が同じ位置に見える時刻は、1か月で約何時間早くなるか。,約0.5時間,約1時間,約1.5時間,約2時間,4
1617,3,earth,地学,地球の公転によって太陽が天球上を移動する道筋を何というか。,南中高度,天の赤道,太陽道,黄道,4
1618,3,earth,地学,黄道上に並ぶ12の星座を何というか。,黄道12星座,公転12星座,太陽12星座,星の帯,1
1619,3,earth,地学,地球の地軸の傾きは公転面に垂直な方向から約何度か。,約12.3度,約23.4度,約34.5度,約40度,2
1620,3,earth,地学,地軸の傾きと公転によって起こる現象はどれか。,月の満ち欠け,星の年周運動,季節の変化,自転の速さの変化,3
1621,3,earth,地学,季節によって太陽の南中高度が変化するのはなぜか。,地球は、地軸を傾けたまま自転しているから,地球のまわりを太陽が回っているから,地球は、地軸を傾けたまま公転しているから,地球はの自転速度が変わるから,3
1622,3,earth,地学,夏至の日、太陽の南中高度は1年のうちでどうなるか。,最も低くなる,最も高くなる,変わらない,90度になる,2
1623,3,earth,地学,冬至の日、太陽の南中高度は1年のうちでどうなるか。,最も低くなる,最も高くなる,変わらない,90度になる,1
1624,3,earth,地学,季節によって昼の長さが変化するのはなぜか。,地球は、地軸を傾けたまま自転しているから,地球のまわりを太陽が回っているから,地球は、地軸を傾けたまま公転しているから,地球はの自転速度が変わるから,3
1625,3,earth,地学,春の真夜中、南の空に見える代表的な星座として正しいものはどれか。,さそり座,ペガスス座,オリオン座,しし座,4
1626,3,earth,地学,夏の真夜中、南の空に見える代表的な星座として正しいものはどれか。,さそり座,ペガスス座,オリオン座,しし座,1
1627,3,earth,地学,秋の真夜中、南の空に見える代表的な星座として正しいものはどれか。,さそり座,ペガスス座,オリオン座,しし座,2
1628,3,earth,地学,冬の真夜中、南の空に見える代表的な星座として正しいものはどれか。,さそり座,ペガスス座,オリオン座,しし座,3
1629,3,earth,地学,真夜中の南の空に、おとめ座を観測できる季節はいつか。,春,夏,秋,冬,1
1630,3,earth,地学,真夜中の南の空に、いて座を観測できる季節はいつか。,春,夏,秋,冬,2
1631,3,earth,地学,真夜中の南の空に、みずがめ座を観測できる季節はいつか。,春,夏,秋,冬,3
1632,3,earth,地学,真夜中の南の空に、おうし座を観測できる季節はいつか。,春,夏,秋,冬,4
1633,3,earth,地学,ある星座を南の空で観測し、1か月後の同時刻、約30度動いていた。どこからどこへ動いたか。,西から東,東から西,北から南,南から北,2
1634,3,earth,地学,黄道12星座に含まれない星座はどれか。,いて座,おとめ座,オリオン座,しし座,3
1635,3,earth,地学,夏至の日の南中高度を求める式はどれか。,90°－緯度,90°－（緯度＋23.4°）,90°－（緯度－23.4°）,90°＋緯度－23.4°,3
1636,3,earth,地学,春分・秋分の日の南中高度を求める式はどれか。,90°－緯度,90°－（緯度＋23.4°）,90°－（緯度－23.4°）,90°＋緯度－23.4°,1
1637,3,earth,地学,冬至の日の南中高度を求める式はどれか。,90°－緯度,90°－（緯度＋23.4°）,90°－（緯度－23.4°）,90°＋緯度－23.4°,2
1638,3,earth,地学,夏至の日の日の出の方位はどこか。,真東より南寄り,真東より北寄り,真西より北寄り,真西より南寄り,2
1639,3,earth,地学,冬至の日の日の入りの方位はどこか。,真東より南寄り,真東より北寄り,真西より北寄り,真西より南寄り,4
1640,3,earth,地学,春分・秋分の日の昼夜の長さはどうか。,昼の方が長い,夜の方が長い,同じ長さである,昼が長い時もあれば短い時もある,3
1641,3,earth,地学,夏至の日の昼夜の長さはどうか。,昼の方が長い,夜の方が長い,同じ長さである,昼が長い時もあれば短い時もある,1
1642,3,earth,地学,冬至の日の昼夜の長さはどうか。,昼の方が長い,夜の方が長い,同じ長さである,昼が長い時もあれば短い時もある,2
1643,3,earth,地学,単位面積あたりに当たる光の量は、南中高度が高いほどどうなるか。,多くなる,少なくなる,変わらない,分からない,1
1644,3,earth,地学,地軸が傾いていないと仮定したときに、誤っていることはどれか。,季節の変化が起こらない,昼夜の長さが同じである,南中高度は1年中変化しない,真夜中に見える星座が変わる,4
1645,3,earth,地学,春分の日、南中高度が50度となるのは北緯何度か。,北緯20度,北緯30度,北緯40度,北緯50度,3
1646,3,earth,地学,夏至の日、南中高度が80.4度となるのは北緯何度か。,北緯33度,北緯57度,北緯60度,北緯66.6度,1
1647,3,earth,地学,秋分の日、南中高度が60度となるのは北緯何度か。,北緯20度,北緯30度,北緯40度,北緯50度,2
1648,3,earth,地学,冬至の日、南中高度が32.6度となるのは北緯何度か。,北緯9.2度,北緯34度,北緯56度,北緯80.8度,2
1649,3,earth,地学,夏至の日、北緯23.4度の位置での南中高度は何度か。,0度,北緯46.8度,66.6度,90度,4
1650,3,earth,地学,太陽系に属する恒星はどれか。,地球,月,太陽,冥王星,3
1651,3,earth,地学,地球の内側を公転する惑星を何というか。,内惑星,外惑星,小惑星,すい星,1
1652,3,earth,地学,火星と木星の間にある、多くの小天体が集まる領域を何というか。,小惑星,ハレーすい星,太陽系外縁天体,星雲,1
1653,3,earth,地学,太陽の表面に見られる黒い斑点を何というか。,黒点,コロナ,フレア,プロミネンス（紅炎）,1
1654,3,earth,地学,黒点が黒く見える理由はどれか。,爆発しているから,明るく光っているから,周囲より温度が低いから,ガスが薄いから,3
1655,3,earth,地学,太陽の表面温度として最も近いのはどれか。,約600℃,約6000℃,約1万6000℃,約60万℃,2
1656,3,earth,地学,太陽のまわりを公転している天体の集まりを何というか。,恒星系,太陽系,銀河系,星団,2
1657,3,earth,地学,太陽の活動で放出され、地球にも届くものはどれか。,重力,音波,高温ガス,エネルギー,4
1658,3,earth,地学,太陽の外側で100万℃以上の高温のガスがある部分はどこか。,黒点,コロナ,フレア,プロミネンス（紅炎）,2
1659,3,earth,地学,太陽の黒点の位置が毎日少しずつ変わるのはなぜか。,地球が自転しているから,太陽が自転しているから,太陽が公転しているから,地球が公転しているから,2
1660,3,earth,地学,自ら光を出して輝いている天体を何というか。,惑星,恒星,衛星,流星,2
1661,3,earth,地学,恒星の明るさを等級で表すとき、最も明るい星はどう表すか。,1等星,5等星,6等星,10等星,1
1662,3,earth,地学,1等星の明るさは6等星の明るさの何倍か。,10倍,50倍,100倍,1000倍,3
1663,3,earth,地学,恒星のまわりを公転している天体を何というか。,惑星,小惑星,衛星,流星,1
1664,3,earth,地学,惑星のまわりを公転している天体を何というか。,小惑星,恒星,衛星,流星,3
1665,3,earth,地学,太陽系の惑星の中で公転周期が最も長い星はどれか。,水星,天王星,海王星,冥王星,3
1666,3,earth,地学,直径・質量が小さく、平均密度が大きい惑星を何というか。,木星型惑星,地球型惑星,水星型惑星,太陽系外縁天体,2
1667,3,earth,地学,直径・質量が大きく、平均密度が小さい惑星を何というか。,木星型惑星,地球型惑星,水星型惑星,太陽系外縁天体,1
1668,3,earth,地学,地球型惑星の組み合わせとして正しいものはどれか。,水星・金星・地球・火星,木星・土星・天王星・海王星,地球・火星・木星・土星,水星・金星・地球,1
1669,3,earth,地学,木星型惑星の組み合わせとして正しいものはどれか。,水星・金星・地球・火星,木星・土星・天王星・海王星,地球・火星・木星・土星,水星・金星・地球,2
1670,3,earth,地学,地球型惑星はおもに何でできているか。,気体（酸素や窒素）,気体（水素やヘリウム）,岩石や金属,水や岩石,3
1671,3,earth,地学,木星型惑星はおもに何でできているか。,気体（酸素や窒素）,気体（水素やヘリウム）,岩石や金属,水や岩石,2
1672,3,earth,地学,地球の外側を公転する惑星を何というか。,内惑星,外惑星,小惑星,すい星,2
1673,3,earth,地学,氷や細かいチリでできた天体を何というか。,内惑星,外惑星,小惑星,すい星,4
1674,3,earth,地学,海王星より外側を公転する天体を何というか。,太陽系外縁天体,外惑星,流星,銀河系,1
1675,3,earth,地学,太陽系外縁天体の例として正しいものはどれか。,ベガ,天王星,海王星,冥王星,4
1676,3,earth,地学,太陽系外縁天体の例として正しいものはどれか。,リゲル,ペテルギウス,エリス,シリウス,3
1677,3,earth,地学,太陽系外縁天体の中でも大きな惑星は何と呼ばれているか。,ハウメア型惑星,エリス型惑星,冥王星型惑星,外縁天体型惑星,3
1678,3,earth,地学,恒星が数億～数十億個集まってできた集団を何というか。,銀河,銀河団,星団,彗星群,1
1679,3,earth,地学,太陽系を含む銀河を何というか。,アンドロメダ銀河,すい星銀河,銀河系,葉巻銀河,3
1680,3,earth,地学,銀河系にある遠くの恒星が帯状に見える。これは何か。,アンドロメダ,天の川,環状銀河,渦巻銀河,2
1681,3,earth,地学,銀河系は他に何というか。,メイオール天体,小マゼラン雲,天の川銀河,大マゼラン雲,3
1682,3,earth,地学,銀河系にある恒星の集団を何というか。,星団,星雲,銀河団,流星群,1
1683,3,earth,地学,銀河系にあるチリやガスの集まりを何というか。,星団,星雲,銀河団,流星群,2
1684,3,earth,地学,銀河系の端から端までの長さはどれくらいか。,約1光年,約1000光年,約1万光年,約10万光年,4
1685,3,earth,地学,銀河系の中心から太陽系までの距離はどれくらいか。,約1万光年,約3万光年,約5万光年,約10万光年,2
1686,3,earth,地学,太陽から地球までの距離は何と呼ばれるか。,1光年,1太陽間距離,1天文単位,1銀河単位,3
1687,3,earth,地学,太陽から海王星までの距離はどれくらいか。,1天文単位,10天文単位,30天文単位,60天文単位,3
1688,3,earth,地学,すい星は他に何と呼ばれるか。,ちり星,ほうき星,だ円星,アトラス,2
1689,3,earth,地学,すい星から出たチリが地球の大気とぶつかって光る現象は何か。,天文現象,天象,流星,発光星,3
1690,3,earth,地学,太陽の約8%はヘリウムの気体でできている。残り約92%の気体は何か。,酸素,窒素,水素,二酸化炭素,3
1691,3,earth,地学,太陽から地球までの距離は約何kmか。,約150万km,約1500万km,約1億5000万km,約15億km,3
1692,3,earth,地学,太陽の直径は約何kmか。,約1400km,約1万4000km,約14万km,約140万km,4
1693,3,earth,地学,太陽の直径は地球の直径の約何倍か。,約19倍,約59倍,約91倍,約109倍,4
1694,3,earth,地学,太陽の中心部の温度は約何℃か。,約4000℃,約6000℃,約160万℃,約1600万℃,4
1695,3,earth,地学,太陽の黒点の温度は約何℃か。,約4000℃,約6000℃,約160万℃,約1600万℃,1
1696,3,earth,地学,太陽の表面から噴き出す、約10000℃の炎のような高温のガスの動きを何というか。,黒点,コロナ,フレア,プロミネンス（紅炎）,4
1697,3,earth,地学,太陽の黒点の数が増加するのはどんなときか。,太陽の活動が弱くなったとき,太陽の表面温度が低下したとき,太陽の活動が活発になったとき,地球から電磁波の影響を受けたとき,3
1698,3,earth,地学,太陽の中央部では黒点は円形に見え、周辺部では黒点はだ円形に見えるのはなぜか。,地球が自転しているから,太陽が自転しているから,太陽が公転しているから,太陽が球形だから,4
1699,3,earth,地学,太陽の観察で、天体望遠鏡のファインダーの扱いとして正しいものはどれか。,ファインダーから直接のぞく,ファインダーにレンズをつける,ファインダーに色フィルターをつける,ファインダーにフタをするか取り外す,4
1700,3,earth,地学,太陽の観察で、記録用紙は何の上に置くか。,太陽投影板,台座,遮光版,スケッチ台,1
1701,3,earth,地学,太陽の観察で、太陽の像が記録用紙からずれていく。その方向は太陽のどの方角か。,東,西,南,北,2
1702,3,earth,地学,太陽の像が記録用紙からずれていくのはなぜか。,太陽が自転しているから,地球が公転しているから,地球が自転しているから,太陽が公転しているから,3
1703,3,earth,地学,太陽を肉眼や望遠鏡で直接見てはいけない理由はどれか。,暗くて見えないから,太陽が動くから,強い光で目を痛める可能性があるから,眩しさにより適切に観測できないから,3
1704,3,earth,地学,月は地球の何として位置づけられるか。,恒星,衛星,惑星,小惑星,2
1705,3,earth,地学,月の満ち欠けの周期は約何日か。,約27.3日,約29.5日,約30日,約365日,2
1706,3,earth,地学,月の動きについて正しいものはどれか。,公転のみする,自転のみする,自転と公転をしている,恒星のように動かない,3
1707,3,earth,地学,月の見かけの動きは1日でどの方向に移動するか。,東から西へ,西から東へ,北から南へ,南から北へ,1
1708,3,earth,地学,同じ地点で月を毎日同じ時刻に観察したとき、月の見える位置はどうなるか。,同じ場所に見える,西から東へずれる,東から西へずれる,動かない,2
1709,3,earth,地学,月の満ち欠けの順番として正しいものはどれか。,上弦の月→満月→下弦の月→満月→上弦の月,満月→上弦の月→新月→下弦の月→満月,新月→下弦の月→満月→上弦の月→新月,新月→上弦の月→満月→下弦の月→新月,4
1710,3,earth,地学,月の満ち欠けが起こるのはなぜか。,地球が公転しているから,地球が自転しているから,地球と月と太陽の位置関係が変わるから,月の形が変化するから,3
1711,3,earth,地学,日食はどの順に天体が並ぶときに起こるか。,地球-太陽-月,太陽-月-地球,月-地球-太陽,太陽-地球-月,2
1712,3,earth,地学,月食はどの順に天体が並ぶときに起こるか。,地球-太陽-月,地球-月-太陽,太陽-月-地球,太陽-地球-月,4
1713,3,earth,地学,太陽が完全に月にかくされる現象を何というか。,部分日食,皆既日食,金環日食,完全日食,2
1714,3,earth,地学,月が太陽の中心をおおいきれず、まわりが輪のように見える日食を何というか。,部分日食,皆既日食,金環日食,完全日食,3
1715,3,earth,地学,金星が明け方に見えるとき、どの方角の空に見えるか。,東の空,西の空,南の空,北の空,1
1716,3,earth,地学,金星が夕方に見えるとき、どの方角の空に見えるか。,東の空,西の空,南の空,北の空,2
1717,3,earth,地学,火星のような外惑星が地球から太陽と反対の方角にあるとき、どの時間帯に見えるか。,明け方,正午,夕方,真夜中,4
1718,3,earth,地学,金星や火星の見かけの大きさが変化するのはなぜか。,惑星は自転しているから,公転軌道が長いから,地球との距離が変わるから,光の反射が変わるから,3
1719,3,earth,地学,月の公転周期は約何日か。,約27.3日,約29.5日,約30日,約365日,1
1720,3,earth,地学,月の表面に見られるくぼ地を何というか。,クレーター,カルデラ,フィヨルド,レゴリス,1
1721,3,earth,地学,地球の衛星はどれか。,フォボス,ダイモス,月,かぐや,3
1722,3,earth,地学,同時刻、同じ場所で月を観測し続けると、少しずつ西から東へずれて見えるのはなぜか。,地球が自転しているから,月が自転しているから,月が地球のまわりを公転しているから,地球が太陽のまわりを公転しているから,3
1723,3,earth,地学,新月を1日目としたとき、3日目の月を何というか。,満月,上弦の月,三日月,下弦の月,3
1724,3,earth,地学,月の直径は約何kmか。,約400km,約3500km,約3万8000km,約140万km,2
1725,3,earth,地学,太陽の直径は、月の直径の約何倍か。,約4倍,約40倍,約400倍,約4000倍,3
1726,3,earth,地学,地球から月までの距離は約何kmか。,約1万km,約12万km,約29万km,約38万km,4
1727,3,earth,地学,地球から太陽までの距離は、地球から月までの距離の約何倍か。,約4倍,約40倍,約400倍,約4000倍,3
1728,3,earth,地学,月が太陽を隠し、太陽の一部または全体が見えなくなる現象を何というか。,月食,日食,明けの明星,よいの明星,2
1729,3,earth,地学,月が地球の影に入り、月の一部または全体が見えなくなる現象はどれか。,月食,日食,明けの明星,よいの明星,1
1730,3,earth,地学,太陽の一部だけが隠される日食を何というか。,部分日食,皆既日食,金環日食,完全日食,1
1731,3,earth,地学,月が完全に地球の影に入ることを何というか。,部分月食,皆既月食,金環月食,完全月食,3
1732,3,earth,地学,月の一部が地球の影に入ることを何というか。,部分月食,皆既月食,金環月食,完全月食,1
1733,3,earth,地学,真夜中に金星を観測できないのはなぜか。,金星の公転周期が長いから,金星は太陽の近くにあるから,金星は内惑星だから,太陽に関して、金星と地球は対象の位置にあるから,3
1734,3,earth,地学,内惑星が太陽の手前を通過する現象を何というか。,太陽横断（日横断）,太陽間通過（日間通過）,太陽前通過（日前通過）,太陽面通過（日面通過）,4
1735,3,earth,地学,金星を東の空で観測できる時間帯はいつか。,明け方,正午,夕方,真夜中,1
1736,3,earth,地学,金星を西の空で観測できる時間帯はいつか。,明け方,正午,夕方,真夜中,3
1737,3,earth,地学,明け方、東の空に見える金星は何と呼ばれるか。,明けの明星,明け星,よい星,よいの明星,1
1738,3,earth,地学,夕方、西の空に見える金星は何と呼ばれるか。,明けの明星,明け星,よい星,よいの明星,4
1739,3,earth,地学,惑星が地球に近いほど、見かけの大きさはどうなるか。,小さくなる,大きくなる,変わらない,わからない,2
1740,3,earth,地学,惑星が地球に近いほど、欠け方はどうなるか。,小さくなる,大きくなる,変わらない,わからない,2
1741,3,earth,地学,金星の公転周期は約何年か。,約0.24年,約0.62年,約1.12年,約1.88年,2
1742,3,nature-tech,自然と科学技術,生物とそれをとりまく環境をひとつのまとまりとしてとらえたものを何というか。,食物連鎖,生態系,食物網,生物群,2
1743,3,nature-tech,自然と科学技術,「食べる・食べられる」という関係がつながったものを何というか。,食物連鎖,生態系,食物網,生物群,1
1744,3,nature-tech,自然と科学技術,複雑に組み合わさった複数の生物間の食う・食われる関係を何というか。,食物連鎖,生態系,食物網,生物群,3
1745,3,nature-tech,自然と科学技術,無機物から有機物をつくり出す生物を何というか。,消費者,分解者,生産者,植物連鎖者,3
1746,3,nature-tech,自然と科学技術,他の生物がつくった有機物を利用する生物を何というか。,消費者,分解者,生産者,植物連鎖者,1
1747,3,nature-tech,自然と科学技術,食物連鎖をピラミッドのような数量関係で表したときに底辺になるのは何か。,肉食動物,植物,草食動物,生産者,4
1748,3,nature-tech,自然と科学技術,ある物質が食物連鎖の過程で生物体内に高濃度でたまっていく現象を何というか。,生物濃縮,生物蓄積,連鎖濃縮,連鎖蓄積,1
1749,3,nature-tech,自然と科学技術,土の中で生物の死がいや排出物を食べる小動物を何というか。,土中生物,土壌生物,土壌動物,土動物,3
1750,3,nature-tech,自然と科学技術,生物の死がいや排出物などを分解して、無機物へと変えるはたらきをする生物は何か。,消費者,分解者,生産者,植物連鎖者,2
1751,3,nature-tech,自然と科学技術,生物が呼吸によって有機物を無機物に分解し、エネルギーを得ることを特に何というか。,吸収,消化作用,細胞の呼吸,外呼吸,3
1752,3,nature-tech,自然と科学技術,生産者の特徴として正しいものはどれか。,動き回ることができる,他の生物を食べる,葉緑体をもつ,消化器官をもつ,3
1753,3,nature-tech,自然と科学技術,光合成を行うプランクトンを何というか。,植物プランクトン,水草プランクトン,藻類プランクトン,葉緑体プランクトン,1
1754,3,nature-tech,自然と科学技術,水中で生産者として活動している生物はどれか。,植物プランクトン,水草プランクトン,藻類プランクトン,葉緑体プランクトン,1
1755,3,nature-tech,自然と科学技術,生物の集まりを質量などで表した数値を何というか。,生物数,生物量,生物密度,個体数,2
1756,3,nature-tech,自然と科学技術,体が糸状の細胞でできていて、胞子や分裂でふえる多細胞生物は何か。,菌類,細菌類,原生生物,藻類,1
1757,3,nature-tech,自然と科学技術,糸状の細胞のことを何というか。,菌体,菌毛,菌糸,菌根,3
1758,3,nature-tech,自然と科学技術,菌類の例として正しいものはどれか。,細菌や酵母,カビやキノコ,ミドリムシやゾウリムシ,昆虫やミミズ,2
1759,3,nature-tech,自然と科学技術,棒状や球形の単細胞生物を何というか。,菌類,細菌類,原生生物,藻類,2
1760,3,nature-tech,自然と科学技術,細菌類の例として正しいものはどれか。,ミカヅキモやアオミドロ,大腸菌や乳酸菌,カビや酵母菌,ゾウリムシやミドリムシ,2
1761,3,nature-tech,自然と科学技術,自然環境を積極的に維持しようとすることを何というか。,自然規制,環境制御,4S（整理・整頓・清掃・清潔）,保全,4
1762,3,nature-tech,自然と科学技術,別の地域から持ち込まれ定着した生物を何というか。,移入種,定着種,外来種（外来生物）,捕食種,3
1763,3,nature-tech,自然と科学技術,もともとその地域に定着していた生物を何というか。,先住生物,固有生物,在来種（在来生物）,定着種,3
1764,3,nature-tech,自然と科学技術,外来種が生態系に与える影響として正しいものはどれか。,他の地域の生物を増やす,在来種のエサとなる（在来種の数が増える）,在来種を捕食したりすみかを奪う,大気や水をきれいにする,3
1765,3,nature-tech,自然と科学技術,地球の平均気温が上昇する現象を何というか。,異常気象,地球温暖化,温室効果,気候変動,2
1766,3,nature-tech,自然と科学技術,地球温暖化の原因となる二酸化炭素やメタンを何というか。,窒素ガス,有毒ガス,温室効果ガス,自然放出ガス,3
1767,3,nature-tech,自然と科学技術,熱が大気中に吸収され、再び地表を温める現象を何というか。,二酸化作用,温室効果,吸熱現象,再温暖効果,2
1768,3,nature-tech,自然と科学技術,温室効果の原因として正しいものはどれか。,森林の減少,河川の増水,酸素の減少,森林再生,1
1769,3,nature-tech,自然と科学技術,温室効果によって引き起こされる問題として適切なものはどれか。,電力不足,大気汚染,気候変動,酸性雨,3
1770,3,nature-tech,自然と科学技術,絶滅のおそれがある生物を何というか。,生態変種,危険種,絶滅危惧種,稀少種,3
1771,3,nature-tech,自然と科学技術,ある生物の種がその地域や地球上からいなくなることを何というか。,生物消滅,分布消滅,個の絶滅,種の絶滅,4
1772,3,nature-tech,自然と科学技術,微生物のはたらきを調べる際、採取した土と水をビーカーで混ぜ、上ずみ液を2つに分けて観察する。一方はそのまま使用するとき、もう一方はどうするか。,加熱する,振って混ぜる,暗室で数時間放置する,ろ過する,1
1773,3,nature-tech,自然と科学技術,微生物のはたらきを調べる際、採取した土と水をビーカーで混ぜ、上ずみ液を2つに分けて観察する。一方の上ずみ液を加熱するのはなぜか。,においをとるため,水分を飛ばすため,微生物を死滅させるため,微生物のはたらきを活発にするため,3
1774,3,nature-tech,自然と科学技術,プラスチックの多くは何を原料にして作られているか。,木材,鉱石,石油,天然ガス,3
1775,3,nature-tech,自然と科学技術,廃棄されたプラスチックが微粒子となって海洋に流れ出すことが問題になっている。この微粒子を何というか。,微細プラスチックごみ,プラゴミ,分解プラスチック,マイクロプラスチック,4
1776,3,nature-tech,自然と科学技術,CDケースや発泡スチロールなどに使われるプラスチックはどれか。,ポリエチレン（PE）,ポリプロピレン（PP）,ポリスチレン（PS）,アクリル樹脂（PMMA）,3
1777,3,nature-tech,自然と科学技術,原子力発電で使われる燃料はどれか。,石炭,天然ガス,ウラン,水素,3
1778,3,nature-tech,自然と科学技術,発電に使われるエネルギーの中で、くり返し使えるものを何というか。,循環エネルギー,再利用エネルギー,再生可能エネルギー,無限エネルギー,3
1779,3,nature-tech,自然と科学技術,放射線の中で紙1枚で防ぐことができるものはどれか。,α線,β線,γ線,X線,1
1780,3,nature-tech,自然と科学技術,放射線の単位で、人体に与える影響の大きさを表すのに使われるものはどれか。,ベクレル（Bq）,シーベルト（Sv）,グレイ（Gy）,ワット（W）,2
1781,3,nature-tech,自然と科学技術,エネルギーを無駄なく使うために、発電と排熱の両方を利用する仕組みを何というか。,ダブル発電,省エネ発電,コージェネレーションシステム,ハイブリッド発電,3
1782,3,nature-tech,自然と科学技術,太陽光によって発電するしくみを何というか。,光電池,風力発電,地熱発電,太陽電池,4
1783,3,nature-tech,自然と科学技術,プラスチックは他に何と呼ばれているか。,石油繊維,合成繊維,合成樹脂,樹脂繊維,3
1784,3,nature-tech,自然と科学技術,プラスチックの特徴として誤っているものはどれか。,軽くて加工しやすい,電気を通しやすい,薬品に強い,くさりにくい,2
1785,3,nature-tech,自然と科学技術,ポリ袋や食品容器などに使われるプラスチックはどれか。,ポリエチレン（PE）,ポリプロピレン（PP）,ポリ塩化ビニル（PVC）,アクリル樹脂（PMMA）,1
1786,3,nature-tech,自然と科学技術,ペットボトルなどに使われるプラスチックはどれか。,ポリスチレン（PS）,ポリエチレンテレフタレート（PET）,ポリ塩化ビニル（PVC）,ポリプロピレン（PP）,2
1787,3,nature-tech,自然と科学技術,ペットボトルのフタなどに使われるプラスチックはどれか。,ポリエチレン（PE）,ポリスチレン（PS）,ポリプロピレン（PP）,アクリル樹脂（PMMA）,3
1788,3,nature-tech,自然と科学技術,燃えにくく、丈夫なプラスチックはどれか。,ポリ塩化ビニル（PVC）,ポリスチレン（PS）,ポリエチレン（PE）,アクリル樹脂（PMMA）,1
1789,3,nature-tech,自然と科学技術,透明で衝撃に強いプラスチックはどれか。,ポリ塩化ビニル（PVC）,ポリスチレン（PS）,ポリエチレン（PE）,アクリル樹脂（PMMA）,4
1790,3,nature-tech,自然と科学技術,土壌の微生物によって分解されるプラスチックを何というか。,再生プラスチック,分解性プラスチック,生分解性プラスチック,生分解プラスチック,3
1791,3,nature-tech,自然と科学技術,テニスラケットや人工衛星などに使われる、軽くてしなやかで強い素材はどれか。,セルロース,炭素繊維,ポリエステル,ナイロン,2
1792,3,nature-tech,自然と科学技術,変形してもある温度に達すると元に戻る素材はどれか。,自然治癒セラミックス,形状記憶合金,炭素繊維,セルロース,2
1793,3,nature-tech,自然と科学技術,植物の細胞壁の主成分を利用した素材はどれか。,タンパク質,セルロース,グルコース,炭素繊維,2
1794,3,nature-tech,自然と科学技術,ひびが入っても自然にくっつく特別なセラミックスを何というか。,自己再生セラミックス,回復性セラミックス,自然治癒セラミックス,自然修復セラミックス,3
1795,3,nature-tech,自然と科学技術,化石燃料を燃焼させて水蒸気をつくり、発電機のタービンを回して発電する方法はどれか。,水力発電,風力発電,火力発電,原子力発電,3
1796,3,nature-tech,自然と科学技術,次のうち、化石燃料として誤っているものはどれか。,石炭,石油,天然ガス,ウラン,4
1797,3,nature-tech,自然と科学技術,発電機のタービンを回して電気エネルギーを得るのは何のはたらきか。,電動機（モーター）,電磁誘導,誘導電流,熱伝導,2
1798,3,nature-tech,自然と科学技術,水力発電は何を利用して発電しているか。,水の流れ,水の蒸発,水の落下,水の温度,3
1799,3,nature-tech,自然と科学技術,水力発電は、何のエネルギーを運動エネルギーに変えて発電しているか。,位置エネルギー,光エネルギー,熱エネルギー,運動エネルギー,1
1800,3,nature-tech,自然と科学技術,原子力発電はウランの持つどのようなエネルギーを利用しているか。,化学エネルギー,熱エネルギー,運動エネルギー,核エネルギー,4
1801,3,nature-tech,自然と科学技術,火力発電によって発生し、酸性雨の原因となる気体はどれか。,二酸化炭素やメタン,一酸化炭素や二酸化炭素,窒素酸化物や硫黄酸化物,硫化水素や塩化水素,3
1802,3,nature-tech,自然と科学技術,オゾンなどの酸化性物質の総称を何というか。,ハイドロカーボン,温室効果ガス,スモッグガス,オキシダント,4
1803,3,nature-tech,自然と科学技術,オキシダントは何の原因となるか。,酸性雨,光化学スモッグ,地球温暖化,オゾン層破壊,2
1804,3,nature-tech,自然と科学技術,自然界に存在する物質から出る放射線を何というか。,自然放射線,人工放射線,電磁波,紫外線,1
1805,3,nature-tech,自然と科学技術,人工的に作られた放射線を何というか。,自然放射線,化学放射線,工業放射線,人工放射線,4
1806,3,nature-tech,自然と科学技術,放射線を受けることを何というか。,受態,被ばく,放射蓄積,吸収,2
1807,3,nature-tech,自然と科学技術,放射線を受けるとどのような影響があるか。,遺伝子が強化される,細胞が増殖する,細胞やDNAが傷つく,身体が冷える,3
1808,3,nature-tech,自然と科学技術,α線とは何の流れか。,原子核から出た電子,原子核から出た電磁波,ヘリウムの原子核,原子核から出た中性子,3
1809,3,nature-tech,自然と科学技術,β線とは何の流れか。,原子核から出た電磁波,原子核から出た電子,原子核から出た中性子,ヘリウムの原子核,2
1810,3,nature-tech,自然と科学技術,γ線とは何の流れか。,原子核から出た電子,原子核から出た電磁波,原子核から出た中性子,ヘリウムの原子核,2
1811,3,nature-tech,自然と科学技術,X線とは何の流れか。,原子核の外から出た電磁波,原子核から出た電磁波,原子核から出た中性子,ヘリウムの原子核,1
1812,3,nature-tech,自然と科学技術,中性子線とは何の流れか。,原子核から出た陽子,原子核から出た電子,原子核から出た中性子,ヘリウムの原子核,3
1813,3,nature-tech,自然と科学技術,放射線の中で紙を透過し、金属板で防げるのはどれか。,α線,β線,γ線,X線,2
1814,3,nature-tech,自然と科学技術,放射線の中で最も透過性が大きいものはどれか。,β線,γ線,X線,中性子線,4
1815,3,nature-tech,自然と科学技術,放射線の性質として誤っているものはどれか。,目に見えない,水に溶けやすい,透過性がある,電離作用がある,2
1816,3,nature-tech,自然と科学技術,放射線を出す能力を何というか。,放射性,放射反応,放射能,放射効果,3
1817,3,nature-tech,自然と科学技術,放射能の大きさを表す単位はどれか。,ベクレル（Bq）,シーベルト（Sv）,グレイ（Gy）,ワット（W）,1
1818,3,nature-tech,自然と科学技術,物質や人体が受けた放射線のエネルギー量を表す単位はどれか。,ベクレル（Bq）,シーベルト（Sv）,グレイ（Gy）,ワット（W）,3
1819,3,nature-tech,自然と科学技術,次のうち、再生可能エネルギーとして誤っているものはどれか。,地熱,太陽光,風力,石炭,4
1820,3,nature-tech,自然と科学技術,化石燃料や核燃料のように、限りあるエネルギーは何とよばれるか。,循環性エネルギー,有限エネルギー,枯渇性エネルギー,上限エネルギー,3
1821,3,nature-tech,自然と科学技術,発電時に失われる熱エネルギーを何というか。,排熱,排気熱,放熱,気熱,1
1822,3,nature-tech,自然と科学技術,水の電気分解と逆の反応で、化学エネルギーから電気エネルギーを得る装置は何か。,水力電池,一次電池,二次電池,燃料電池,4
1823,3,nature-tech,自然と科学技術,家畜の糞尿や間伐材など、エネルギーとして利用できる生物体を何というか。,バイオ燃料,バイオ資源,バイオ材,バイオマス,4
1824,3,nature-tech,自然と科学技術,バイオマス発電で発生するCO₂は地上の炭素を利用しているため、地上の炭素量は変化しない。この性質を何というか。,エコ発電,カーボンサイクル,カーボンニュートラル,炭素平衡性,3
1825,3,nature-tech,自然と科学技術,人間のように学習や判断を行うコンピュータプログラムは何か。,VR（バーチャル・リアリティー）,ロボット,IoT,AI（人工知能）,4
1826,3,nature-tech,自然と科学技術,仮想空間を現実のように体験できる技術は何か。,VR（バーチャル・リアリティー）,ロボット,IoT,AI（人工知能）,1
1827,3,nature-tech,自然と科学技術,紫外線の一部を吸収し、地球を守っている大気の層は何か。,成層圏,オゾン層,対流圏,中間圏,2
1828,3,nature-tech,自然と科学技術,オゾン層の中で、特にオゾン濃度が低下した部分を何というか。,オゾンガス,オゾンウォール,オゾンホール,オゾン薄層,3
1829,3,nature-tech,自然と科学技術,資源の消費を減らし、再利用して資源を循環させる社会を何というか。,循環型社会,省エネ社会,持続可能な社会,エコ社会,1
1830,3,nature-tech,自然と科学技術,将来にわたって安定してエネルギーを使える社会を何というか。,循環型社会,エコ社会,持続可能な社会,省エネ社会,3
1831,3,nature-tech,自然と科学技術,2030年までに世界で達成すべき17の目標は何か。,MDGs,SDGs,ESGs,ESDs,2
